Fulham,Arsenal,-126.62242269578,,,,,5.5,4.15,1.67,3,,0.196304689003451,0.396796210138724,0.406899100857825,,1.07967578951898,1.64670427207571,0.679521498432568,,100,2,,100,2
CrystalPalace,Southampton,10.3519834947699,,,,,3.3,3.32,2.67,1,,0.301075772165959,0.41526569640097,0.283658531433071,,0.993550048147665,1.37868211205122,0.757368278926299,,100,2,,100,2
Liverpool,Leeds,377.38475891536,,,,,1.3,6.4,11.8,1,,0.804052671052087,0.104362697579023,0.09158463136889,,1.04526847236771,0.667921264505746,1.0806986501529,,83.677495170206,1.92260867140323,,101.742664210419,2.00750310578142
WestHam,Newcastle,59.3531967363799,,,,,2.03,3.68,4,3,,0.36186140542032,0.381004731965329,0.257133862614351,,0.734578653003249,1.40209741363241,1.02853545045741,,83.677495170206,1.92260867140323,,87.1816600399047,1.94042513423095
WestBromwich,Leicester,-59.65278911032,,,,,3.45,3.5,2.25,3,,0.240590156977516,0.420245780759321,0.339164062263163,,0.830036041572429,1.47086023265762,0.763119140092117,,83.677495170206,1.92260867140323,,87.7722058383509,1.94335701292177
Tottenham,Everton,206.564193970379,,,,,2.1,3.4,4,3,,0.644151880558661,0.159702870026271,0.196145249415067,,1.35271894917319,0.542989758089322,0.78458099766027,,83.677495170206,1.92260867140323,,87.4398164926782,1.94170923750179
Sheffield,Wolverhampton,-18.459232831319,,,,,3.35,3,2.6,3,,0.273611231096384,0.422102747152128,0.304286021751487,,0.916597624172888,1.26630824145638,0.791143656553867,,56.8460059284972,1.75469995602199,,74.9402198396547,1.87471496277711
Brighton,Chelsea,-145.84413341456,,,,,6.4,4.5,1.58,3,,0.185152345841672,0.386161405613356,0.428686248544971,,1.1849750133867,1.7377263252601,0.677324272701055,,49.2767259921786,1.69264184504181,,77.721218265179,1.89053959946375
Everton,WestBromwich,208.009655180999,,,,,1.58,4,6,1,,0.646483730258789,0.158292155197745,0.195224114543466,,1.02144429380889,0.633168620790978,1.1713446872608,,49.2767259921786,1.69264184504181,,60.3466525756786,1.78065318481894
Leeds,Fulham,202.651447345929,,,,,1.72,4,5.1,1,,0.637721560953532,0.163667812211601,0.198610626834867,,1.09688108484008,0.654671248846404,1.01291419685782,,49.2767259921786,1.69264184504181,,53.522373322044,1.72853536294016
ManchesterUnited,CrystalPalace,190.79867697883,,,,,1.36,5.3,10,3,,0.617192025399403,0.177018284313325,0.205789690287272,,0.839381154543188,0.938196906860624,2.05789690287272,,54.0507086636679,1.73280139240039,,52.6764382609235,1.72161640228213
Arsenal,WestHam,220.90937718094,,,,,1.55,4.6,7.3,1,,0.666263014832852,0.146938967673573,0.186798017493575,,1.03270767299092,0.675919251298434,1.3636255277031,,54.0507086636679,1.73280139240039,,53.1994787772021,1.72590737730832
Southampton,Tottenham,-124.86939124706,,,,,3.35,3.45,2.32,3,,0.197352913589591,0.397682524141773,0.404964562268637,,0.66113226052513,1.37200470828912,0.939517784463237,,54.0507086636679,1.73280139240039,,51.0129946745367,1.70768081916834
Newcastle,Brighton,89.3038002899898,,,,,2.65,3.2,2.86,3,,0.411383787955797,0.342586435568106,0.246029776476096,,1.09016703808286,1.09627659381794,0.703645160721636,,45.8437216803015,1.66127986724051,,42.907127183893,1.6325294376287
Chelsea,Liverpool,-128.08261757836,,,,,3.6,3.9,2.2,3,,0.195435621247386,0.396047253019815,0.4085171257328,,0.703568236490588,1.54458428677728,0.898737676612159,,43.8375046933392,1.64184582538608,,40.9621817517152,1.61238308023088
Leicester,Burnley,93.3911530868099,,,,,1.6,4.25,6.4,1,,0.41894015420492,0.33633723032866,0.24472261546642,,0.670304246727872,1.42943322889681,1.56622473898509,,43.8375046933392,1.64184582538608,,38.6172095445189,1.58678088872869
AstonVilla,Sheffield,11.7046688984899,,,,,2.55,3.2,3.1,1,,0.302486106948241,0.414737103011152,0.282776790040607,,0.771339572718014,1.32715872963569,0.876608049125881,,43.8375046933392,1.64184582538608,,33.6609767414001,1.52712671375644
Wolverhampton,ManchesterCity,-168.41693216556,,,,,7.25,4.85,1.51,3,,0.172816901576272,0.371536067327767,0.455647031095962,,1.25292253642797,1.80194992653967,0.688027016954902,,37.3184945361249,1.57192411557175,,32.6480471415108,1.51385720885671
Brighton,ManchesterUnited,-159.1065023805,,,,,5.5,4.3,1.66,3,,0.177808624067024,0.37784762456872,0.444343751364256,,0.977947432368632,1.6247447856455,0.737610627264665,,37.3184945361249,1.57192411557175,,27.8509412720465,1.44483987751146
CrystalPalace,Everton,9.29036057304642,,,,,3.5,3.35,2.25,3,,0.299977493661052,0.41566626121949,0.284356245119458,,1.04992122781368,1.39248197508529,0.639801551518781,,37.3184945361249,1.57192411557175,,27.4299350881549,1.43822477986521
WestBromwich,Chelsea,-172.83122127066,,,,,7.35,4.9,1.46,2,,0.170496034432794,0.368406924419713,0.461097041147494,,1.25314585308103,1.80519392965659,0.673201680075341,,31.0857981775088,1.49256202305168,,23.4051911164115,1.36931219173409
Burnley,Southampton,19.6365745965181,,,,,3.25,3.4,2.37,3,,0.311014589626264,0.411212860412912,0.277772549960824,,1.01079741628536,1.3981237254039,0.658320943407153,,31.0857981775088,1.49256202305168,,19.6082783497945,1.29243946332571
Sheffield,Leeds,-17.935112409173,,,,,2.92,3.4,2.65,3,,0.274072596792801,0.422046508995102,0.303880894212097,,0.80029198263498,1.43495813058335,0.805284369662056,,25.9291341035156,1.41378801386368,,19.9529483854467,1.3000070791165
Tottenham,Newcastle,231.080904747051,,,,,1.45,5,8.3,2,,0.680591563292756,0.13944499122005,0.179963445487194,,0.986857766774497,0.69722495610025,1.49369659754371,,25.9291341035156,1.41378801386368,,18.9075041166444,1.27663420362511
ManchesterCity,Leicester,334.389784189121,,,,,1.32,6.4,11,3,,0.779125891077228,0.107207428684961,0.113666680237811,,1.02844617622194,0.686127543583751,1.25033348261592,,25.9291341035156,1.41378801386368,,22.5812065917091,1.3537471440602
WestHam,Wolverhampton,-41.158354034808,,,,,3.45,3.35,2.3,1,,0.25470071322697,0.422504846315869,0.322794440457162,,0.878717460633046,1.41539123515816,0.742427213051472,,25.9291341035156,1.41378801386368,,18.947294868064,1.27754721389595
Fulham,AstonVilla,83.4425301611734,,,,,3.05,3.4,2.5,3,,0.400873908495616,0.351154765128681,0.247971326375703,,1.22266542091163,1.19392620143752,0.619928315939257,,25.9291341035156,1.41378801386368,,16.991840253935,1.23024041647055
Liverpool,Arsenal,319.647281274633,,,,,1.55,5.25,5.75,1,,0.768952385717209,0.108929174919813,0.122118439362978,,1.19187619786167,0.571878168329019,0.702181026337123,,23.1127821234994,1.3638522253649,,15.4771198381685,1.18969014531532
Chelsea,CrystalPalace,164.121035225115,,,,,1.55,4.95,7.4,1,,0.565646858293754,0.214444249264395,0.219908892441851,,0.876752630355318,1.06149903385876,1.6273258040697,,27.5475748793617,1.44008337223066,,17.5553385427405,1.24440920895525
Everton,Brighton,152.173079288364,,,,,1.83,3.8,5.2,1,,0.540707468369,0.23411260672523,0.225179924905771,,0.98949466711527,0.889627905555873,1.17093560951001,,27.5475748793617,1.44008337223066,,17.0246824406516,1.23107901981778
Leeds,ManchesterCity,-147.77922058075,,,,,8.75,6.5,1.35,2,,0.184063384036518,0.384997959036765,0.430938656926717,,1.61055461031953,2.50248673373897,0.581767186851068,,26.4264173787602,1.42203828995359,,16.6498269436305,1.22140972385934
Newcastle,Burnley,15.3848454826265,,,,,2.45,3.3,3.2,1,,0.306386919991871,0.413193646827544,0.280419433180584,,0.750647953980085,1.3635390345309,0.89734218617787,,26.4264173787602,1.42203828995359,,14.348272225583,1.1567996078246
Leicester,WestHam,141.108733676432,,,,,1.85,4.2,4.85,3,,0.517074459026462,0.253426300771279,0.229499240202259,,0.956587749198954,1.06439046323937,1.11307131498096,,22.2494459613754,1.34731920098377,,13.2195927443785,1.12121807605783
Southampton,WestBromwich,81.0417682624015,,,,,1.85,3.92,4.65,1,,0.396682724031899,0.354523869645852,0.248793406322249,,0.733863039459014,1.38973356901174,1.15688933939846,,24.7652200738259,1.39384219165316,,13.835266739755,1.14098753662384
Wolverhampton,Fulham,180.513541799344,,,,,1.83,4.2,7.25,1,,0.598135203694731,0.190264871323917,0.211599924981352,,1.09458742276136,0.79911245956045,1.5340994561148,,21.4597962359035,1.33162559395599,,14.4247918221091,1.15910955415625
Arsenal,Sheffield,263.262060398513,,,,,1.55,4.4,7.55,1,,0.719356987364375,0.122594899479825,0.1580481131558,,1.11500333041478,0.539417557711229,1.19326325432629,,21.4597962359035,1.33162559395599,,14.1697942854114,1.1513635452821
ManchesterUnited,Tottenham,60.6976869904608,,,,,3,3.55,2.4,3,,0.363862493702635,0.379575068139913,0.256562438157452,,1.0915874811079,1.34749149189669,0.615749851577885,,21.4597962359035,1.33162559395599,,13.4626965459315,1.12913205674729
AstonVilla,Liverpool,-345.5894108836,,,,,9.3,5.55,1.48,1,,0.096959400675798,0.194175736652143,0.708864862672059,,0.901722426284919,1.07767533841939,1.04911999675465,,18.5354446242121,1.26800300825206,,11.7156404205926,1.06876603373772
Everton,Liverpool,-183.30072896938,,,,,4.7,4.3,1.82,2,,0.165106189188808,0.360635253332172,0.47425855747902,,0.775999089187399,1.55073158932834,0.863150574611816,,18.5354446242121,1.26800300825206,,15.1975978781369,1.18177494908217
Chelsea,Southampton,160.427250105521,,,,,1.6,4.7,5.7,2,,0.558027680911581,0.220363205127069,0.22160911396135,,0.892844289458529,1.03570706409723,1.2631719495797,,18.5354446242121,1.26800300825206,,14.6381100643512,1.16548500830657
ManchesterCity,Arsenal,254.498399294539,,,,,1.53,5.2,6.75,1,,0.709706020340773,0.126298268270037,0.16399571138919,,1.08585021112138,0.656750995004194,1.10697105187703,,17.4975703480248,1.24297774824618,,14.8188381456331,1.17081415460683
Newcastle,ManchesterUnited,-101.78983857143,,,,,5.8,4.3,1.74,3,,0.211666811598619,0.408032278612345,0.380300909789036,,1.22766750727199,1.75453879803308,0.661723583032922,,17.4975703480248,1.24297774824618,,14.7362713716345,1.16838761055352
Sheffield,Fulham,118.511477604184,,,,,2.3,3.45,4.2,2,,0.468927595639414,0.294029425042255,0.237042979318332,,1.07853346997065,1.01440151639578,0.995580513136994,,17.4975703480248,1.24297774824618,,14.3469435044209,1.15675938813958
CrystalPalace,Brighton,77.897320990447,,,,,3.1,3.3,2.92,2,,0.391294579306598,0.358808716102848,0.249896704590555,,1.21301319585045,1.1840687631394,0.729698377404419,,16.440535797651,1.2159159671074,,15.9852032324434,1.20371816216965
Tottenham,WestHam,213.305013504294,,,,,1.69,4.3,5.45,2,,0.6548261038962,0.153367338961055,0.191806557142745,,1.10665611558458,0.659479557532538,1.04534573642796,,14.7728924301503,1.1694655354928,,14.4058835281937,1.1585398991768
Leicester,AstonVilla,216.596172609614,,,,,2.35,4.3,5.4,3,,0.659853818497477,0.150494235758932,0.189651945743591,,1.55065647346907,0.647125213763407,1.02412050701539,,12.4893861655871,1.09654109398267,,17.1966612600338,1.23544413661142
WestBromwich,Burnley,-38.853576113228,,,,,2.6,3.35,3,2,,0.256533829984712,0.422633500126632,0.320832669888656,,0.666987957960252,1.41582222542422,0.962498009665968,,12.4893861655871,1.09654109398267,,16.6932378034644,1.2225405801664
Leeds,Wolverhampton,67.1769587046674,,,,,2.85,3.5,3,3,,0.373793840626298,0.372290348735454,0.253915810638248,,1.06531244578495,1.30301622057409,0.761747431914745,,12.4893861655871,1.09654109398267,,22.9976155646037,1.36168280989512
AstonVilla,Leeds,-54.012075643908,,,,,2.08,4.1,3.85,3,,0.244787402361995,0.421156615900992,0.334055981737013,,0.509157796912949,1.72674212519407,1.2861155296875,,10.9755915283125,1.04042793579882,,22.1414760858495,1.345206570227
WestHam,ManchesterCity,-225.7278516949,,,,,7.3,5.3,1.47,2,,0.14479382676547,0.324236550381037,0.530969622853493,,1.05699493538793,1.7184537170195,0.780525345594635,,10.9755915283125,1.04042793579882,,19.522773494882,1.29054151558269
Fulham,CrystalPalace,-62.890506213605,,,,,2.6,3.2,3,3,,0.238219904606795,0.419639732302875,0.34214036309033,,0.619371751977668,1.3428471433692,1.02642108927099,,10.9755915283125,1.04042793579882,,16.7066713256174,1.22288992871316
ManchesterUnited,Chelsea,38.7650029130425,,,,,2.42,3.45,3.38,2,,0.333635929429783,0.399456859953476,0.266907210616741,,0.807398949220076,1.37812616683949,0.902146371884585,,9.26515961819013,0.9668529056519,,17.3835687153648,1.24013893864262
Liverpool,Sheffield,480.971092081174,,,,,1.25,7.75,12.5,1,,0.84401713227345,0.103025848512393,0.052957019214158,,1.05502141534181,0.798450325971042,0.661962740176974,,12.7685589097724,1.10614188451084,,23.3043643778424,1.36743726212979
Southampton,Everton,-59.624891080084,,,,,3.1,3.6,2.35,1,,0.240610701397948,0.42025074249883,0.339138556103223,,0.745893174333638,1.51290267299579,0.796975606842573,,12.7685589097724,1.10614188451084,,23.9095012484792,1.37857051683964
Wolverhampton,Newcastle,96.8832411797579,,,,,1.86,3.45,5,2,,0.4255384794552,0.330831537791191,0.24362998275361,,0.791501571786671,1.14136880537961,1.21814991376805,,12.7685589097724,1.10614188451084,,28.443706122274,1.45398618290122
Arsenal,Leicester,159.609395221961,,,,,1.99,3.7,4.1,3,,0.556328536950419,0.221694528469271,0.221976934580311,,1.10709378853133,0.820269755336302,0.910105431779274,,12.0721939034951,1.08178620245853,,27.0735767214239,1.43254563470533
Brighton,WestBromwich,77.9052688201584,,,,,1.7,4.1,5.4,2,,0.391308052739905,0.358798071237183,0.249893876022912,,0.665223689657839,1.47107209207245,1.34942693052372,,10.7662777610606,1.0320655800626,,26.2936850281028,1.4198514562174
Burnley,Tottenham,-104.03260172209,,,,,6.2,4.6,1.61,3,,0.210232557853612,0.407135274042272,0.382632168104116,,1.30344185869239,1.87282226059445,0.616037790647627,,10.7662777610606,1.0320655800626,,26.0535624389982,1.41586711503744
Wolverhampton,CrystalPalace,61.3858866184716,,,,,1.85,3.6,4.6,1,,0.364894655067271,0.378832384775842,0.256272960156887,,0.675055111874452,1.36379658519303,1.17885561672168,,10.7662777610606,1.0320655800626,,22.5672968787543,1.35347954219933
Sheffield,ManchesterCity,-240.2004585346,,,,,12.5,6.5,1.33,3,,0.138367793358663,0.310144086736796,0.551488119904541,,1.72959741698329,2.01593656378917,0.733479199473039,,9.25984119001698,0.966603538421596,,21.3936055478353,1.33028398408395
Burnley,Chelsea,-110.7095957741,,,,,5.8,4.4,1.64,3,,0.206019011422601,0.404325060045327,0.389655928532072,,1.19491026625109,1.77903026419944,0.639035722792598,,9.25984119001698,0.966603538421596,,24.8104311009923,1.39463431055014
Liverpool,WestHam,425.634639776566,,,,,1.45,5.25,7.5,1,,0.825534378555747,0.103237979922318,0.071227641521935,,1.19702484890583,0.541999394592172,0.534207311414509,,9.25984119001698,0.966603538421596,,21.3034393307006,1.32844972370937
AstonVilla,Southampton,-44.91392896323,,,,,2.6,3.7,2.78,3,,0.251751226958197,0.422219633147812,0.326029139893991,,0.654553190091312,1.56221264264691,0.906361008905295,,9.25984119001698,0.966603538421596,,21.5274064695091,1.33299171102054
Newcastle,Everton,-4.8823612697706,,,,,3.4,3.45,2.35,1,,0.285986858632238,0.419874568781704,0.294138572586058,,0.972355319349608,1.44856726229688,0.691225645577237,,9.25984119001698,0.966603538421596,,22.4649930755848,1.35150628906589
ManchesterUnited,Arsenal,70.9480978415551,,,,,2,3.8,4,3,,0.379797055512916,0.367749471976346,0.252453472510738,,0.759594111025832,1.39744799351012,1.00981389004295,,9.25984119001698,0.966603538421596,,19.7456933246102,1.29547238759224
Tottenham,Brighton,241.283741724638,,,,,1.62,4.5,6,1,,0.693908223241136,0.133073222049645,0.173018554709219,,1.12413132165064,0.598829499223402,1.03811132825532,,7.94544643959035,0.90011830441356,,18.7124550693719,1.27213077056435
Fulham,WestBromwich,47.7189388745734,,,,,2.5,3.35,3.2,1,,0.345371773559048,0.39221272050017,0.262415505940782,,0.86342943389762,1.31391261367557,0.839729619010502,,7.94544643959035,0.90011830441356,,13.358974787965,1.12577313021932
Leeds,Leicester,35.1519206793466,,,,,1.88,4,4.2,3,,0.329118941023808,0.402053941525287,0.268827117450905,,0.61874360912476,1.60821576610115,1.1290738932938,,6.88409501036862,0.837846855582611,,13.325772653887,1.12469239965667
Brighton,Burnley,-35.34049786791,,,,,2,3.5,4.4,2,,0.25936304650486,0.422759779432375,0.317877174062765,,0.518726093009721,1.47965922801331,1.39865956587617,,6.88409501036862,0.837846855582611,,12.782671502496,1.10662162827814
Southampton,Newcastle,8.98576879913002,,,,,2.2,3.5,3.65,1,,0.299663762458674,0.415778888649338,0.284557348891988,,0.659260277409083,1.45522611027268,1.03863432345575,,6.88409501036862,0.837846855582611,,12.7472794622071,1.1054175070741
Everton,ManchesterUnited,-19.883350882101,,,,,3.25,3.7,2.3,3,,0.272363817692739,0.422244088044408,0.305392094262854,,0.8851824075014,1.56230312576431,0.702401816804563,,6.88409501036862,0.837846855582611,,10.931475427056,1.03867878286319
CrystalPalace,Leeds,-23.609741576651,,,,,2.91,3.5,2.5,1,,0.269141517416928,0.422536101985249,0.308322380597823,,0.783201815683261,1.47887635694837,0.770805951494556,,6.88409501036862,0.837846855582611,,14.678721231453,1.1666882227249
Chelsea,Sheffield,241.661334149799,,,,,1.36,6,14,1,,0.694381707520069,0.132857600033371,0.17276069244656,,0.944359122227294,0.797145600200226,2.41864969425184,,6.88409501036862,0.837846855582611,,12.9004501272621,1.11060486412681
WestHam,Fulham,137.844160180163,,,,,1.9,3.8,4.5,1,,0.510062272713181,0.259256208967167,0.230681518319652,,0.969118318155044,0.985173594075233,1.03806683243843,,6.88409501036862,0.837846855582611,,11.9430515744666,1.07711530775029
WestBromwich,Tottenham,-171.13373398248,,,,,1.47,5.15,8.5,3,,0.171385068254611,0.369620605922485,0.458994325822905,,0.251936050334277,1.9035461205008,3.90145176949469,,6.80922195572577,0.833097490820414,,14.2364252659707,1.1534009526323
Leicester,Wolverhampton,31.9698440520387,,,,,6.5,4.75,1.52,1,,0.325239385676822,0.404191311902371,0.270569302420807,,2.11405600689934,1.91990873153626,0.411265339679627,,6.80922195572577,0.833097490820414,,13.0857306425552,1.11679797651134
ManchesterCity,Liverpool,56.3000345422874,,,,,1.93,4.2,3.8,2,,0.357392037240346,0.38414710234123,0.258460860418423,,0.689766631873868,1.61341782983317,0.982151269590009,,6.80922195572577,0.833097490820414,,17.2941381654958,1.23789892429803
Arsenal,AstonVilla,292.779430630723,,,,,1.7,4.5,5,3,,0.747707911816959,0.113685651245907,0.138606436937134,,1.27110345008883,0.51158543060658,0.69303218468567,,6.80922195572577,0.833097490820414,,14.9900665660629,1.17580356141463
Newcastle,Chelsea,-95.314765885464,,,,,7.5,5,1.48,3,,0.215862595165789,0.410487988074274,0.373649416759936,,1.61896946374342,2.05243994037137,0.553001136804705,,4.17207400627167,0.62035200354892,,13.570945841041,1.13261011731559
AstonVilla,Brighton,21.4460019508121,,,,,2.25,3.8,3.15,3,,0.313025069341192,0.410303627583955,0.276671303074853,,0.704306406017683,1.55915378481903,0.871514604685786,,4.17207400627167,0.62035200354892,,13.4569470660121,1.12894654408028
Tottenham,ManchesterCity,-47.387232661347,,,,,6,4.3,1.62,1,,0.249833323503123,0.421981888318663,0.328184788178214,,1.49899994101874,1.81452211977025,0.531659356848706,,4.17207400627167,0.62035200354892,,14.4235627901844,1.15907254949581
ManchesterUnited,WestBromwich,268.998842388032,,,,,1.34,5.75,9.25,1,,0.725346185456723,0.12046664874541,0.154187165797867,,0.971963888512009,0.692683230286107,1.42623128363027,,4.17207400627167,0.62035200354892,,14.8878976291044,1.17283337387419
Fulham,Everton,-75.684815764242,,,,,4.4,3.86,1.84,3,,0.229112083911735,0.416678554734018,0.354209361354247,,1.00809316921163,1.60837922127331,0.651745224891815,,4.17207400627167,0.62035200354892,,14.1807635945482,1.15169961702265
Sheffield,WestHam,7.11097158676034,,,,,3.3,3.3,2.42,3,,0.297746038680313,0.416449789883945,0.285804171435742,,0.982561927645034,1.37428430661702,0.691646094874495,,4.17207400627167,0.62035200354892,,13.7202152234725,1.13736092402622
Leeds,Arsenal,-14.804611796109,,,,,3.4,3.75,2.21,2,,0.276854405841302,0.421662496609935,0.301483097548763,,0.941304979860428,1.58123436228725,0.666277645582766,,3.4931427773185,0.543216337179106,,13.5721158229363,1.13264755721
Liverpool,Leicester,347.578312377231,,,,,1.78,4.1,4.33,1,,0.787467618896287,0.106047751775919,0.106484629327794,,1.40169236163539,0.434795782281268,0.461078444989349,,3.4931427773185,0.543216337179106,,11.6335564069099,1.065712499921
Burnley,CrystalPalace,-0.5684932418059,,,,,2.75,3.1,2.86,1,,0.29011958297734,0.418809859574258,0.291070557448403,,0.797828853187684,1.2983105646802,0.832461794302432,,3.4931427773185,0.543216337179106,,9.71851954208292,0.987600112284976
Wolverhampton,Southampton,49.9256965521251,,,,,3.32,3.12,2.52,2,,0.348388423800886,0.390245345618819,0.261366230580295,,1.15664956701894,1.21756547833071,0.658642901062343,,2.99693258950401,0.476676974398536,,8.99859505536583,0.954174708624721
CrystalPalace,Newcastle,63.8815492540568,,,,,2.25,3.15,3.75,3,,0.36868269413235,0.376077221630002,0.255240084237648,,0.829536061797788,1.18464324813451,0.957150315891179,,3.64896166186435,0.562169300435565,,10.6886616253032,1.02892332867609
Brighton,Liverpool,-334.23457967439,,,,,5.2,4.35,1.63,2,,0.101073738780531,0.206737123139667,0.692189138079803,,0.525583441658759,0.89930648565755,1.12826829507008,,3.3355867160202,0.523172235589571,,8.91069332952319,0.94991149724353
ManchesterCity,Burnley,354.008673199601,,,,,1.11,9.75,23,1,,0.791298149825364,0.105587652410261,0.103114197764375,,0.878340946306154,1.02947961100004,2.37162654858063,,2.65645969836574,0.424303231534994,,9.19062324176044,0.963344963103172
Everton,Leeds,70.7171944058911,,,,,2.24,3.7,3.15,3,,0.379424724535226,0.368033841870413,0.25254143359436,,0.849911382958907,1.36172521492053,0.795505515822234,,2.65645969836574,0.424303231534994,,8.1103189370053,0.90903793310856
WestBromwich,Sheffield,22.5945928612807,,,,,2.6,3,2.8,1,,0.314314401417168,0.409705479283006,0.275980119299826,,0.817217443684636,1.22911643784902,0.772744334039513,,2.30056767787719,0.361835013821758,,6.33053381912596,0.80144033322838
Southampton,ManchesterUnited,-147.12288684217,,,,,3.8,3.6,1.95,3,,0.184432056145067,0.385394471470961,0.430173472383972,,0.700841813351256,1.38742009729546,0.838838271148745,,2.03701874218429,0.30899502487143,,7.63479690567172,0.882797488816249
Chelsea,Tottenham,45.0271607062318,,,,,2.05,3.65,3.6,2,,0.34175988162807,0.394513978062391,0.263726140309539,,0.700607757337543,1.43997601992773,0.949414105114341,,1.73348720399594,0.23892064019232,,7.23515842896599,0.859448045347576
Arsenal,Wolverhampton,131.433238217153,,,,,2.1,3.3,4,3,,0.496306264516906,0.27079525155086,0.232898483932234,,1.0422431554855,0.893624330117838,0.931593935728937,,1.73348720399594,0.23892064019232,,9.23393119537424,0.965386634176501
Leicester,Fulham,210.120021062961,,,,,1.55,4.4,6,3,,0.649846039043605,0.156284044344841,0.193869916611554,,1.00726136051759,0.687649795117301,1.16321949966932,,1.66691632264091,0.221913799271661,,9.13011777962551,0.960476380021868
WestHam,AstonVilla,117.917178211655,,,,,2.3,3.45,3,1,,0.46768746319898,0.29508626541434,0.23722627138668,,1.07568116535765,1.01804761567947,0.711678814160041,,1.66691632264091,0.221913799271661,,10.7908386406226,1.03305519842168
Burnley,Everton,-11.669551921389,,,,,4.1,3.55,1.93,2,,0.279686580245484,0.421193380860712,0.299120038893804,,1.14671497900648,1.49523650205553,0.577301675065042,,1.79307049249207,0.253597363682945,,9.37374819080578,0.971913282786453
ManchesterCity,Fulham,451.508779832341,,,,,1.11,10,20,1,,0.834878779452793,0.10305554698057,0.062065673566637,,0.9267154451926,1.0305554698057,1.24131347133274,,1.79307049249207,0.253597363682945,,12.4044786662479,1.09357851652201
WestHam,ManchesterUnited,-114.56544186318,,,,,3.35,3.6,2.19,3,,0.203623431787489,0.402607718241858,0.393768849970653,,0.682138496488087,1.44938778567069,0.862353781435731,,1.79307049249207,0.253597363682945,,16.0978969871807,1.20676914394997
Chelsea,Leeds,127.149909155024,,,,,1.48,5,6.4,1,,0.487159290995596,0.278527799461198,0.234312909543205,,0.720995750673483,1.39263899730599,1.49960262107651,,1.79307049249207,0.253597363682945,,20.9607829260902,1.3214075003599
WestBromwich,CrystalPalace,-32.638847449665,,,,,2.89,3.2,2.54,3,,0.261568664243307,0.422798023236372,0.315633312520321,,0.755933439663159,1.35295367435639,0.801708613801615,,1.79307049249207,0.253597363682945,,17.7473757708046,1.24913414485505
Sheffield,Leicester,-81.944767129234,,,,,3.9,3.4,2,3,,0.224796396039343,0.414914388880678,0.360289215079979,,0.876705944553437,1.41070892219431,0.720578430159958,,1.50540193853521,0.177652470948023,,14.4724039625501,1.16054067631292
Tottenham,Arsenal,110.55523423771,,,,,2.18,3.6,3.4,1,,0.452519492472837,0.3080115598315,0.239468947695663,,0.986492493590785,1.1088416153934,0.814194422165253,,1.50540193853521,0.177652470948023,,19.4468400298514,1.28884904169815
Liverpool,Wolverhampton,364.644623257098,,,,,1.55,4.5,6,1,,0.797319350987751,0.104952258501588,0.097728390510661,,1.23584499403101,0.472285163257147,0.586370343063963,,1.44238256207116,0.159080463269219,,18.0627981385325,1.25678502847991
Brighton,Southampton,-66.207149849782,,,,,2.5,3.4,2.95,3,,0.235820105712613,0.418957703444954,0.345222190842433,,0.589550264281533,1.42445619171284,1.01840546298518,,1.44238256207116,0.159080463269219,,17.7986829660649,1.25038786738012
Leeds,WestHam,84.5899322502466,,,,,2.11,3.7,3.18,3,,0.402900507528824,0.349515259500269,0.247584232970907,,0.850120070885818,1.293206460151,0.787317860847485,,1.44238256207116,0.159080463269219,,17.4518079787114,1.24184042582264
Wolverhampton,AstonVilla,172.362743891234,,,,,2.45,3.2,2.95,3,,0.582276717844298,0.201838233630525,0.215885048525176,,1.42657795871853,0.645882347617682,0.63686089314927,,1.28574704903101,0.109155536227799,,15.0517413538204,1.17758674688051
Newcastle,WestBromwich,152.255326210217,,,,,2.39,3.2,3.2,1,,0.540881713891842,0.233972416764862,0.225145869343296,,1.2927072962015,0.748711733647558,0.720466781898548,,1.28574704903101,0.109155536227799,,14.2681311494712,1.15436709262243
ManchesterUnited,ManchesterCity,-84.379627791164,,,,,4.8,4.3,1.66,2,,0.223141264627988,0.414174265476157,0.362684469895855,,1.07107807021434,1.78094934154747,0.60205622002712,,1.66209459135193,0.220655736255067,,13.6164570052984,1.13406411908809
Everton,Chelsea,-38.005726104514,,,,,4.7,4.25,1.64,1,,0.257212706863569,0.422671769603135,0.320115523533296,,1.20889972225877,1.79635502081332,0.524989458594606,,1.66209459135193,0.220655736255067,,18.8589408279824,1.27551729786686
Southampton,Sheffield,74.8673671100718,,,,,1.61,4,5.3,1,,0.386211972127747,0.362797510084931,0.250990517787322,,0.621801275125674,1.45119004033972,1.33024974427281,,1.66209459135193,0.220655736255067,,22.7402509771056,1.35679525355183
CrystalPalace,Tottenham,-110.7790194057,,,,,4.35,3.75,1.78,2,,0.205975638343951,0.404294748889845,0.389729612766204,,0.895994026796189,1.51610530833692,0.693718710723843,,1.66209459135193,0.220655736255067,,28.6598902412742,1.45727452284778
Fulham,Liverpool,-352.79231311597,,,,,8.65,5.8,1.33,2,,0.09438534467408,0.186355582411516,0.719259072914404,,0.816433231430789,1.08086237798679,0.956614566976157,,1.66209459135193,0.220655736255067,,21.6846098981117,1.33615161368232
Leicester,Brighton,118.37064220727,,,,,1.99,3.5,4,1,,0.468633522013931,0.294280021586151,0.237086456399919,,0.932580708807722,1.02998007555153,0.948345825599674,,1.66209459135193,0.220655736255067,,23.7793070629842,1.3761991949796
Arsenal,Burnley,169.513307444085,,,,,1.43,4.5,7.5,3,,0.576589873776316,0.206098109447024,0.21731201677666,,0.824523519500132,0.927441492511609,1.62984012582495,,1.64216270278293,0.215416184099022,,22.9997357819248,1.3617228469258
Wolverhampton,Chelsea,-58.338373830558,,,,,5.5,3.8,1.66,1,,0.241560387696716,0.420474669955706,0.337964942347578,,1.32858213233194,1.59780374583168,0.561021804296979,,1.64216270278293,0.215416184099022,,22.8406263004425,1.35870800829084
ManchesterCity,WestBromwich,483.539014245994,,,,,1.09,10,25,2,,0.844745738397963,0.103029258566677,0.05222500303536,,0.92077285485378,1.03029258566677,1.305625075884,,1.64216270278293,0.215416184099022,,21.4132184210255,1.33068194695094
Arsenal,Southampton,104.219232139977,,,,,2.15,3.5,3.35,2,,0.439802112561243,0.318813470010052,0.241384417428705,,0.945574542006672,1.11584714503518,0.808637798386161,,1.64216270278293,0.215416184099022,,23.1674741079421,1.36487868632424
Leicester,Everton,59.0985162849656,,,,,2.05,3.55,3.62,3,,0.361484631014818,0.381272380248806,0.257242988736376,,0.741043493580377,1.35351694988326,0.931219619225682,,1.83240256358359,0.263020890694871,,21.8327788128288,1.33910901497043
Leeds,Newcastle,87.6329466263359,,,,,1.6,4.25,5.4,1,,0.408348107344217,0.345077381693681,0.246574510962103,,0.653356971750747,1.46657887219814,1.33150235919536,,1.57836908702032,0.198208566499099,,20.8328593022438,1.31874888079584
Fulham,Brighton,-10.669875837041,,,,,2.85,3.25,2.45,2,,0.280599756161988,0.421025555151215,0.298374688686797,,0.799709305061665,1.36833305424145,0.731017987282654,,1.57836908702032,0.198208566499099,,26.4784895810819,1.42289320790851
WestHam,CrystalPalace,29.6130622877253,,,,,2.1,3.3,3.45,2,,0.322423567093249,0.405685876973653,0.271890555933098,,0.677089490895823,1.33876339401305,0.938022417969189,,2.1597345935628,0.334400384654084,,25.781421177747,1.41130685377151
Liverpool,Tottenham,290.664416618155,,,,,1.85,3.9,4.1,1,,0.745866717403828,0.114174490190664,0.139958792405508,,1.37985342719708,0.445280511743588,0.573831048862583,,2.89137361464554,0.461104213529933,,22.2430925595809,1.34719516906961
AstonVilla,Burnley,-46.260435999946,,,,,1.87,3.8,4.25,2,,0.250704721720157,0.422095045893971,0.327200232385872,,0.468817829616693,1.60396117439709,1.39060098763996,,3.98967179147586,0.600937170119393,,21.5380044449904,1.33320546225459
Sheffield,ManchesterUnited,-182.14382818395,,,,,7.5,4.75,1.44,3,,0.165693982211402,0.361518168969794,0.472787848818804,,1.24270486658552,1.71721130260652,0.680814502299077,,3.98967179147586,0.600937170119393,,19.5175959607406,1.29042632330598
CrystalPalace,Liverpool,-251.23673820661,,,,,5.5,4.2,1.63,3,,0.133617241692996,0.29889780904395,0.567484949263053,,0.73489482931148,1.25537079798459,0.925000467298777,,3.98967179147586,0.600937170119393,,14.2455642765456,1.15367965661772
Southampton,ManchesterCity,-228.29633425461,,,,,6,4.6,1.52,3,,0.143636278211607,0.321793233626677,0.534570488161715,,0.861817669269645,1.48024887468272,0.812547142005807,,3.67128251988655,0.564817806488903,,16.1958241668161,1.20940305311761
Everton,Arsenal,17.0626987386899,,,,,2.65,3.45,2.72,1,,0.308197264983215,0.412437710227105,0.27936502478968,,0.816722752205521,1.42291010028351,0.759872867427929,,3.67128251988655,0.564817806488903,,15.3014540279057,1.18473270181707
Newcastle,Fulham,134.749504355402,,,,,2.8,3.22,2.57,2,,0.503416237934059,0.264815769637963,0.231767992427978,,1.40956546621537,0.852706778234241,0.595643740539903,,3.67128251988655,0.564817806488903,,14.4385895557596,1.15952477092972
Brighton,Sheffield,46.894600323294,,,,,1.82,3.5,4.75,2,,0.344257811550645,0.39292891063533,0.262813277814025,,0.626549217022173,1.37525118722365,1.24836306961662,,3.67128251988655,0.564817806488903,,10.1538091895837,1.00662899788191
Tottenham,Leicester,139.688577444879,,,,,2.1,3.5,3.6,3,,0.514024532393909,0.255957160356311,0.230018307249779,,1.07945151802721,0.895850061247089,0.828065906099206,,5.04893564410742,0.703199835027601,,10.5589787665844,1.02362191654209
ManchesterUnited,Leeds,107.378923492,,,,,1.71,4.4,4.5,1,,0.446101289993765,0.313470086315023,0.240428623691212,,0.762833205889338,1.3792683797861,1.08192880661045,,4.68425782470195,0.670640790918642,,8.75810048907132,0.942409923911461
WestBromwich,AstonVilla,29.5923779189984,,,,,4.55,4,1.74,3,,0.322399066205795,0.405698665608671,0.271902268185533,,1.46691575123637,1.62279466243469,0.473109946642828,,4.16173109656222,0.619274015555571,,8.85244928594086,0.947063447443802
Burnley,Wolverhampton,-40.075765950984,,,,,3.6,3.15,2.35,1,,0.255559529618055,0.422569732978433,0.321870737403511,,0.920014306624998,1.33109465888207,0.756396232898252,,4.16173109656222,0.619274015555571,,8.42857301517632,0.925754053380019
Chelsea,WestHam,172.150736333265,,,,,1.58,4.5,6.2,1,,0.581856019377762,0.202151470943847,0.215992509678391,,0.919332510616864,0.909681619247312,1.33915356000602,,3.52083484643424,0.54664565387891,,7.16034266321662,0.85493380627199
Leicester,ManchesterUnited,-93.854462259849,,,,,,,,2,,0.216820361203031,0.411014046273258,0.372165592523711,,,,,,3.52083484643424,0.54664565387891,,8.42221318264073,0.925426230063676
AstonVilla,CrystalPalace,-43.569988701274,,,,,1.8,3.95,4.5,1,,0.252801465254688,0.422332312226075,0.324866222519237,,0.455042637458439,1.668212633293,1.46189800133657,,3.52083484643424,0.54664565387891,,7.92689829104349,0.899103285855573
Fulham,Southampton,-102.71129774899,,,,,2.95,3.4,2.6,2,,0.211076366497664,0.407666609172756,0.38125702432958,,0.622675281168108,1.38606647118737,0.991268263256909,,3.52083484643424,0.54664565387891,,10.5092267455041,1.02157076241121
Arsenal,Chelsea,30.2677651734993,,,,,5,4,1.8,1,,0.323200966436382,0.405278150266547,0.27152088329707,,1.61600483218191,1.62111260106619,0.488737589934727,,4.88011113123063,0.688429711988508,,10.2698900010255,1.01156579197084
ManchesterCity,Newcastle,365.169385753071,,,,,1.14,9.5,21,1,,0.797606722979546,0.104924539332368,0.097468737688085,,0.909271664196683,0.996783123657498,2.04684349144979,,4.88011113123063,0.688429711988508,,14.0331450265059,1.14715501347956
Sheffield,Everton,-62.940896209384,,,,,3.6,3.45,2.25,3,,0.238183232872179,0.419629830226854,0.342186936900967,,0.857459638339845,1.44772291428265,0.769920608027176,,4.88011113123063,0.688429711988508,,13.2220734626462,1.12129956579827
Leeds,Burnley,75.490093249648,,,,,1.75,4.3,4.7,1,,0.38724778781725,0.361989064656765,0.250763147525985,,0.677683628680188,1.55655297802409,1.17858679337213,,4.88011113123063,0.688429711988508,,16.5482644898612,1.21875245358009
WestHam,Brighton,80.0452102565809,,,,,2.45,3.35,3.15,2,,0.394962601794296,0.355897691143568,0.249139707062135,,0.967658374396026,1.19225726533095,0.784790077245726,,4.88011113123063,0.688429711988508,,15.7755180397608,1.19798362960337
Liverpool,WestBromwich,549.992332215652,,,,,1.15,10,23,2,,0.860423356885127,0.103291289432895,0.036285353681978,,0.989486860417896,1.03291289432895,0.834563134685491,,5.81834795183218,0.764799689589299,,20.7602880546521,1.31723337517247
Wolverhampton,Tottenham,-51.512700501634,,,,,3.65,3.4,2.22,2,,0.246675874545779,0.421499641359374,0.331824484094848,,0.900366942092092,1.43309878062187,0.736650354690562,,5.81834795183218,0.764799689589299,,18.0825841772305,1.25726049548195
CrystalPalace,Leicester,-66.060330652683,,,,,3.5,3.5,2.28,2,,0.235925746794348,0.41898918719371,0.345085066011942,,0.825740113780218,1.46646215517799,0.786793950507227,,5.81834795183218,0.764799689589299,,17.8765040270086,1.25228259106903
Chelsea,AstonVilla,256.112379275027,,,,,1.8,4.1,4.6,2,,0.711530768504478,0.125572362579011,0.162896868916511,,1.28075538330806,0.514846686573947,0.749325597015948,,5.81834795183218,0.764799689589299,,17.5279998510484,1.24373236086205
Burnley,Sheffield,111.419279282843,,,,,2.5,3.25,3.4,1,,0.454279439863943,0.306513009895,0.239207550241057,,1.13569859965986,0.99616728215875,0.813305670819593,,3.77643231503679,0.577081705246756,,15.3385542411767,1.18578442645329
WestBromwich,Leeds,-95.660093585461,,,,,4.4,4.2,1.88,3,,0.21563673240894,0.4103620843379,0.37400118325316,,0.948801622599336,1.72352075421918,0.703122224515941,,4.28888889189752,0.632344795537085,,13.4752196658473,1.1295358535536
Southampton,WestHam,-8.1131532448996,,,,,2.13,3.8,3.9,2,,0.282958131099559,0.420555274574228,0.296486594326213,,0.602700819242061,1.59811004338207,1.15629771787223,,4.28888889189752,0.632344795537085,,11.7415498297372,1.06972542553842
Brighton,Arsenal,-124.08656585496,,,,,3.8,3.6,2.22,3,,0.19782272815602,0.398073781543871,0.404103490300109,,0.751726366992876,1.43306561355793,0.897109748466243,,4.28888889189752,0.632344795537085,,10.8156491951557,1.03405259251409
ManchesterUnited,Wolverhampton,115.768131159899,,,,,1.58,4.6,6.6,1,,0.463221279383818,0.298893109512314,0.237885611103868,,0.731889621426432,1.37490830375664,1.57004503328553,,4.28888889189752,0.632344795537085,,9.09322174026351,0.958717781585327
Newcastle,Liverpool,-255.12522292249,,,,,11.5,6.5,1.31,2,,0.131972227173279,0.294841734568847,0.573186038257875,,1.5176806124927,1.91647127469751,0.750873710117816,,4.28888889189752,0.632344795537085,,8.20061899061485,0.913846634586469
Everton,WestHam,111.453789470955,,,,,2.3,3.5,3.45,3,,0.454349852468745,0.30645304329939,0.239197104231865,,1.04500466067811,1.07258565154787,0.825230009599934,,4.28888889189752,0.632344795537085,,8.13572948372519,0.910396499688707
ManchesterUnited,AstonVilla,225.452164297596,,,,,1.74,4.3,4.9,1,,0.672796662378327,0.143442307141372,0.183761030480302,,1.17066619253829,0.616801920707898,0.900429049353478,,4.1643641740436,0.619548701593035,,7.03802294868531,0.847450678593397
Tottenham,Leeds,157.494442448326,,,,,1.85,4.25,4.25,1,,0.551915825060184,0.225170485138889,0.222913689800927,,1.02104427636134,0.956974561840278,0.947383181653941,,4.87508035197048,0.687981778215028,,6.02658011457595,0.780070934246234
CrystalPalace,Sheffield,119.050493836123,,,,,2.07,3.45,4.15,1,,0.470054171984649,0.293069491867037,0.236876336148314,,0.973012136008224,1.01108974694128,0.983036795015502,,4.97767289018109,0.697026353369991,,3.39348658350201,0.530646136503009
Brighton,Wolverhampton,-84.773859477894,,,,,2.9,3.1,2.87,2,,0.222874489141243,0.414051628282446,0.363073882576311,,0.646336018509605,1.28356004767558,1.04202204299401,,4.95514181560616,0.695056088458802,,2.97674861794234,0.4737421606628
WestBromwich,Arsenal,-154.26611877544,,,,,6.25,4.1,1.63,3,,0.180456634773068,0.380974142474132,0.438569222752799,,1.12785396733168,1.56199398414394,0.714867833087063,,6.36022206507872,0.8034722791633,,3.73016929559888,0.571728542928236
Newcastle,Leicester,-54.189817466044,,,,,6.15,4.2,1.62,3,,0.244653789053634,0.421130785981221,0.334215424965146,,1.50462080267985,1.76874930112113,0.541428988443536,,6.36022206507872,0.8034722791633,,3.87624463359617,0.588411177993868
Chelsea,ManchesterCity,-51.949436056298,,,,,3.45,3.72,2.2,3,,0.246344580265276,0.421442435756422,0.332212983978302,,0.849888801915201,1.56776586101389,0.730868564752265,,6.36022206507872,0.8034722791633,,3.82018156001365,0.582084003916496
Southampton,Liverpool,-277.59682755041,,,,,6.4,5,1.51,1,,0.122732587112051,0.270598197525311,0.606669215362639,,0.785488557517123,1.35299098762656,0.916070515197584,,6.36022206507872,0.8034722791633,,5.16758222336746,0.713287395579089
Sheffield,Newcastle,-9.2422734761123,,,,,2.45,3.2,3.55,1,,0.281912504204993,0.420770303377556,0.297317192417452,,0.690685635302232,1.34646497080818,1.05547603308195,,6.36022206507872,0.8034722791633,,4.57144683347682,0.660053673231792
Wolverhampton,Everton,34.3319088019488,,,,,2.52,3.05,3.5,3,,0.328110500377969,0.40261801976246,0.269271479859571,,0.826838460952481,1.2279849602755,0.942450179508499,,5.35858835957371,0.729050396336005,,6.21198820169594,0.793230622210543
Burnley,ManchesterUnited,-131.58167845116,,,,,8.1,5,1.43,3,,0.19336795216135,0.394213020135834,0.412419027702816,,1.56628041250693,1.97106510067917,0.589759209615027,,4.76264808918825,0.677848492792313,,5.28872226903053,0.723350761158809
ManchesterCity,Brighton,390.056490889604,,,,,1.18,8.3,19,1,,0.810274827307513,0.103924415656182,0.085800757036305,,0.956124296222866,0.862572649946309,1.63021438368979,,4.76264808918825,0.677848492792313,,6.20476047251224,0.792725020730145
Tottenham,Fulham,307.493433538905,,,,,1.62,4.2,6.6,2,,0.759809940476721,0.110779001695566,0.129411057827713,,1.23089210357229,0.465271807121377,0.854112981662908,,4.76264808918825,0.677848492792313,,5.39783686740816,0.732219755238094
Arsenal,CrystalPalace,159.294855484997,,,,,1.65,4.1,6.25,2,,0.555673956945761,0.222208477825797,0.222117565228442,,0.916862028960505,0.911054759085767,1.38823478267777,,4.76264808918825,0.677848492792313,,5.30853740882268,0.72497488214116
Wolverhampton,WestBromwich,182.791526997153,,,,,1.57,4.1,7.5,3,,0.602451354030377,0.187198330676421,0.210350315293202,,0.945848625827692,0.767513155773327,1.57762736469901,,4.76264808918825,0.677848492792313,,4.49377216010638,0.652611049365498
Leeds,Brighton,135.177740504177,,,,,2.05,3.8,3.52,3,,0.504335489912902,0.264044978426749,0.231619531660349,,1.03388775432145,1.00337091802165,0.815300751444429,,4.76264808918825,0.677848492792313,,4.35865008975336,0.639352005473542
WestHam,Burnley,33.4662128900956,,,,,1.8,3.65,4.9,1,,0.327052461901513,0.403203477782106,0.269744060316381,,0.588694431422723,1.47169269390469,1.32174589555027,,4.60893813836356,0.663600879018934,,3.72146947288031,0.570714460835882
Fulham,Chelsea,-158.83303908303,,,,,7.25,4.6,1.49,3,,0.177957252604562,0.378027084894797,0.444015662500641,,1.29019008138307,1.73892459051607,0.661583337125955,,4.60893813836356,0.663600879018934,,4.03303441608095,0.605631928094965
Leicester,Southampton,33.2859875297067,,,,,1.85,3.85,4.25,1,,0.32683303821581,0.403324070021461,0.269842891762728,,0.604641120699249,1.55279766958263,1.1468322899916,,4.60893813836356,0.663600879018934,,3.40690245756,0.532359699535042
Sheffield,Tottenham,-151.99173670149,,,,,6.4,4.2,1.61,3,,0.181713585140002,0.382406619141714,0.435879795718284,,1.16296694489601,1.6061078003952,0.701766471106437,,4.60893813836356,0.663600879018934,,3.21936762198676,0.507770571927707
Liverpool,ManchesterUnited,247.044392593754,,,,,1.98,3.85,3.7,2,,0.700987682990906,0.129929526942908,0.169082790066186,,1.38795561232199,0.500228678730197,0.625606323244887,,4.60893813836356,0.663600879018934,,3.25955230135741,0.51315795393233
ManchesterCity,CrystalPalace,349.061804900644,,,,,1.18,8,17,1,,0.788364562410289,0.105936023017721,0.10569941457199,,0.930270183644141,0.847488184141768,1.79689004772382,,2.78438363058496,0.444729071875304,,3.55705889218552,0.551091055610146
Arsenal,Newcastle,183.362186203437,,,,,1.42,5,8.8,1,,0.603524287974965,0.186441865114328,0.210033846910708,,0.85700448892445,0.932209325571638,1.84829785281423,,2.78438363058496,0.444729071875304,,3.04410242240473,0.483459260692778
WestHam,WestBromwich,138.531596414262,,,,,1.59,4.4,6.5,1,,0.511539104538955,0.258025150199912,0.230435745261133,,0.813347176216939,1.13531066087961,1.49783234419736,,2.78438363058496,0.444729071875304,,2.86071580825398,0.456474715883735
Leicester,Chelsea,-25.259338996142,,,,,2.92,3.48,2.65,1,,0.267733756456269,0.422630221803999,0.309636021739732,,0.781782568852306,1.47075317187792,0.820535457610291,,2.78438363058496,0.444729071875304,,2.43834422676246,0.387095015979094
ManchesterCity,AstonVilla,412.842231526393,,,,,1.31,6.3,12,1,,0.820394881811975,0.103411716467313,0.076193401720712,,1.07471729517369,0.651493813744073,0.914320820648539,,2.78438363058496,0.444729071875304,,2.33890913121602,0.369013349394423
Fulham,ManchesterUnited,-237.05035682944,,,,,5.7,4.3,1.66,3,,0.139746899721146,0.313277348407794,0.54697575187106,,0.796557328410531,1.34709259815351,0.90797974810596,,2.78438363058496,0.444729071875304,,2.21506290678447,0.345386064501041
Liverpool,Burnley,423.687594277836,,,,,1.32,7,14.5,3,,0.824775556534504,0.103260194758549,0.071964248706947,,1.08870373462555,0.722821363309842,1.04348160625073,,2.49152334313167,0.396464960439761,,2.1698584939835,0.336431412518593
AstonVilla,Newcastle,12.4442127097752,,,,,1.53,4.75,6.75,1,,0.303262428205474,0.414439393077841,0.282298178716685,,0.463991515154375,1.96858711711975,1.90551270633762,,2.49152334313167,0.396464960439761,,2.84023629420877,0.45335447279424
CrystalPalace,WestHam,12.8256807696761,,,,,3.62,3.4,2.2,3,,0.303664336325815,0.414283401342729,0.282052262331456,,1.09926489749945,1.40856356456528,0.620514977129203,,2.49152334313167,0.396464960439761,,2.42563825477638,0.384826033270593
Newcastle,Leeds,-13.327539350137,,,,,4.1,4.05,1.92,3,,0.278182876046016,0.421452182008029,0.300364941945954,,1.14054979178867,1.70688133713252,0.576700688536232,,2.49152334313167,0.396464960439761,,3.36383945162747,0.526835259737006
WestBromwich,ManchesterCity,-315.55496843149,,,,,23.5,8.85,1.17,3,,0.107996571945873,0.227805691469644,0.664197736584483,,2.53791944072802,2.01608036950635,0.777111351803845,,2.49152334313167,0.396464960439761,,2.90607994080175,0.463307556751942
Southampton,Arsenal,-78.787343176167,,,,,3.6,3.75,2.11,3,,0.226962134024008,0.415829382774307,0.357208483201684,,0.81706368248643,1.55936018540365,0.753709899555554,,2.49152334313167,0.396464960439761,,3.80946266788195,0.580863721914199
Burnley,AstonVilla,91.6240157867182,,,,,4.5,3.75,1.96,1,,0.415650766453753,0.339065614029681,0.245283619516567,,1.87042844904189,1.2714960526113,0.480755894252471,,2.49152334313167,0.396464960439761,,3.22354572910226,0.508333835476521
Chelsea,Wolverhampton,141.328809639405,,,,,1.68,3.95,6,2,,0.51754695731583,0.253034912626497,0.229418130057673,,0.869478888290594,0.999487904874664,1.37650878034604,,2.49152334313167,0.396464960439761,,3.14620639066347,0.497787208874108
Brighton,Fulham,46.2935310860382,,,,,2.1,3.45,4,2,,0.343449944773364,0.393444739142169,0.263105316084467,,0.721244884024063,1.35738435004048,1.05242126433787,,2.49152334313167,0.396464960439761,,2.63340103091988,0.420517001245601
Everton,Leicester,8.36965399038217,,,,,3.25,3.4,2.52,2,,0.299031021729408,0.416003592820092,0.284965385450501,,0.971850820620575,1.41441221558831,0.718112771335262,,3.38195479372748,0.529167798126916,,3.4702382460884,0.540359291911814
ManchesterUnited,Sheffield,269.643328902372,,,,,1.3,6.25,11,3,,0.726003531201449,0.120241056987678,0.153755411810874,,0.943804590561883,0.751506606172986,1.69130952991961,,3.38195479372748,0.529167798126916,,3.43982908416226,0.536536864185118
Tottenham,Liverpool,-59.189042759478,,,,,3.6,3.95,2.04,3,,0.240931936753761,0.420327676795459,0.338740386450781,,0.867354972313538,1.66029432334206,0.691030388359593,,3.38195479372748,0.529167798126916,,2.97991600817101,0.474204023236684
Everton,Newcastle,155.060339666405,,,,,1.64,4.2,6,3,,0.546806246764898,0.229227482726381,0.223966270508721,,0.896762244694432,0.962755427450801,1.34379762305233,,3.38195479372748,0.529167798126916,,3.84988535811183,0.585447797279742
WestBromwich,Fulham,16.9151824759489,,,,,3.55,3.3,2.3,2,,0.30803728055568,0.412505505863031,0.279457213581288,,1.09353234597266,1.361268169348,0.642751591236963,,3.38195479372748,0.529167798126916,,5.03342277893381,0.701863410199778
CrystalPalace,Wolverhampton,-15.392544351084,,,,,3,3.12,2.7,1,,0.276328496716078,0.421740969180183,0.301930534103739,,0.828985490148234,1.31583182384217,0.815212442080095,,4.60374741087511,0.663111487617959,,4.88579282064644,0.688935047009563
ManchesterCity,Sheffield,433.647051264267,,,,,1.2,8.3,21,1,,0.82857218303097,0.103160517885134,0.068267299083896,,0.994286619637164,0.856232298446616,1.43361328076181,,3.91789366498579,0.593052644691747,,2.69899424649184,0.431201958761961
Arsenal,ManchesterUnited,-27.160296362218,,,,,3.6,3.6,2.26,2,,0.266125243446248,0.422712571434752,0.311162185119,,0.958050876406493,1.52176525716511,0.703226538368941,,3.91789366498579,0.593052644691747,,2.63438641646418,0.420679478381857
Southampton,AstonVilla,81.2559542278781,,,,,3.25,3.7,2.24,3,,0.397053930326771,0.354226696930061,0.248719372743168,,1.290425273562,1.31063877864123,0.557131394944697,,3.91789366498579,0.593052644691747,,3.48037493167432,0.541626031873669
Chelsea,Burnley,165.568969876992,,,,,1.33,5.5,11.5,1,,0.568607282620283,0.21216776063245,0.219224956747268,,0.756247685884976,1.16692268347847,2.52108700259358,,3.46713451574972,0.539970691473114,,3.39420901768725,0.530738582953117
Leicester,Leeds,46.334742588283,,,,,1.88,4,4.2,3,,0.343505217528342,0.393409543576917,0.263085238894741,,0.645789808953283,1.57363817430767,1.10495800335791,,3.46713451574972,0.539970691473114,,3.18718381695466,0.503407111602686
WestHam,Liverpool,-223.26985807645,,,,,4.2,3.97,2.1,3,,0.145908742175468,0.326550573006803,0.527540684817729,,0.612816717136964,1.29640577483701,1.10783543811723,,3.46713451574972,0.539970691473114,,3.65839889666067,0.563291057393439
Brighton,Tottenham,-181.24060387695,,,,,3.25,3.4,2.45,1,,0.166154220743932,0.362203328224424,0.471642451031643,,0.540001217417779,1.23149131596304,1.15552400502753,,3.12111475392988,0.494309736650701,,3.23186841715286,0.509453670522186
Wolverhampton,Arsenal,-48.787118273476,,,,,3.75,3.33,2.2,1,,0.248756169190069,0.421830131794183,0.329413699015748,,0.93283563446276,1.40469433887463,0.724710137834645,,2.82006851990534,0.450259660608464,,3.61402462624757,0.557991107551695
Sheffield,WestBromwich,75.8564469165266,,,,,2.15,3.4,4.1,1,,0.387859287254045,0.361510699099404,0.250630013646551,,0.833897467596198,1.22913637693797,1.02758305595086,,2.82006851990534,0.450259660608464,,3.55626227233242,0.55099378245185
Newcastle,CrystalPalace,21.1343021221978,,,,,3,3.3,2.67,3,,0.312676944147535,0.410463126617128,0.276859929235337,,0.938030832442605,1.35452831783652,0.73921601105835,,2.5508267351687,0.406680960171651,,3.13052902610078,0.495617734895439
ManchesterUnited,Southampton,120.549163048701,,,,,1.47,5.2,7.4,1,,0.473195138243274,0.290394032548036,0.236410829208691,,0.695596853217612,1.51004896924979,1.74944013614431,,2.15763529538096,0.333978037849643,,2.72249973386147,0.434967845973267
Fulham,Leicester,-161.87153615471,,,,,3.91,3.45,2.1,3,,0.176312314913543,0.376014081114053,0.447673603972403,,0.689381151311954,1.29724857984348,0.940114568342047,,2.15763529538096,0.333978037849643,,2.58230246538612,0.41200710987262
Burnley,ManchesterCity,-213.77032901526,,,,,17.5,7.25,1.22,3,,0.150285363199298,0.335265423096347,0.514449213704355,,2.62999385598771,2.43067431744851,0.627628040719314,,1.89585814135151,0.277805837889634,,2.52457681448904,0.402188589371453
Leeds,Everton,17.9262490043354,,,,,2.6,3.6,2.9,3,,0.30913700795481,0.412035638512184,0.278827353533006,,0.803756220682505,1.48332829864386,0.808599325245717,,1.89585814135151,0.277805837889634,,2.1177444807517,0.325873558559973
AstonVilla,WestHam,-48.692631999931,,,,,2.35,3.6,3.35,3,,0.248828684762656,0.421840761779062,0.329330553458282,,0.584747409192242,1.51862674240462,1.10325735408524,,1.89585814135151,0.277805837889634,,2.28618997585008,0.359112316188442
Liverpool,Brighton,426.513363873152,,,,,1.55,5.1,8.2,3,,0.82587416491851,0.103228408589837,0.070897426491653,,1.28010495562369,0.526464883808168,0.581358897231554,,1.89585814135151,0.277805837889634,,1.91846579676199,0.282954060813489
Tottenham,Chelsea,93.8409795804348,,,,,4,3.51,2.07,3,,0.419782854270357,0.335636409923823,0.244580735805821,,1.67913141708143,1.17808379883262,0.506282123118049,,1.89585814135151,0.277805837889634,,1.84770170972556,0.266631860673872
AstonVilla,Arsenal,-117.98025377631,,,,,3.05,3.6,2.5,1,,0.201524399055102,0.401029474000073,0.397446126944825,,0.614649417118061,1.44370610640026,0.993615317362063,,1.89585814135151,0.277805837889634,,1.75219151601546,0.243581573180824
Newcastle,Southampton,-20.73837331521,,,,,3.38,3.5,2.35,1,,0.271619178334815,0.42232096931591,0.306059852349275,,0.918072822771674,1.47812339260569,0.719240653020796,,1.89585814135151,0.277805837889634,,,
Burnley,Brighton,44.109411772886,,,,,3.93,3.25,2.2,2,,0.340545166916388,0.395274069186415,0.264180763897198,,1.3383425059814,1.28464072485585,0.581197680573836,,1.89585814135151,0.277805837889634,,,
Fulham,WestHam,-109.37873302023,,,,,,,,2,,0.206852204506075,0.404901798839425,0.3882459966545,,,,,,1.67693343332075,0.224515823419886,,,
ManchesterUnited,Everton,93.5395054318835,,,,,1.62,4.3,6,2,,0.419217835998991,0.336106380192294,0.244675783808715,,0.679132894318365,1.44525743482687,1.46805470285229,,1.67693343332075,0.224515823419886,,,
Tottenham,WestBromwich,293.623433836712,,,,,1.47,5.15,8.5,1,,0.748435206877543,0.113495969617224,0.138068823505233,,1.10019975410999,0.584504243528706,1.17358499979448,,1.67693343332075,0.224515823419886,,,
Wolverhampton,Leicester,-37.719763551353,,,,,3.53,3.29,2.35,2,,0.257442236307197,0.422683567025824,0.319874196666979,,0.908771094164407,1.39062893551496,0.751704362167401,,1.67693343332075,0.224515823419886,,,
Liverpool,ManchesterCity,122.752632933024,,,,,3.58,3.75,2.25,3,,0.477834793380347,0.286445339696611,0.235719866923042,,1.71064856030164,1.07417002386229,0.530369700576844,,2.33199215530828,0.367727085146987,,,
Sheffield,Chelsea,-133.49885292838,,,,,7.5,4.5,1.52,3,,0.19224388186813,0.393184411229772,0.414571706902098,,1.44182911401097,1.76932985053398,0.630148994491189,,2.33199215530828,0.367727085146987,,,
Leeds,CrystalPalace,57.8888047801219,,,,,1.85,3.95,4.5,1,,0.359704858406822,0.382529937194309,0.25776520439887,,0.66545398805262,1.51099325191752,1.15994341979491,,2.33199215530828,0.367727085146987,,,
Leicester,Liverpool,-189.12220816472,,,,,3.75,3.95,2.05,1,,0.162177231993539,0.356101962248041,0.481720805758421,,0.60816461997577,1.40660275087976,0.987527651804762,,2.33199215530828,0.367727085146987,,,
CrystalPalace,Burnley,32.570282429079,,,,,2.85,3.2,3,3,,0.325964524340009,0.403798587630422,0.270236888029569,,0.928998894369027,1.29215548041735,0.810710664088706,,2.33199215530828,0.367727085146987,,,
ManchesterCity,Tottenham,232.916453371187,,,,,1.36,5.8,9,1,,0.683063274614965,0.138218105360137,0.178718620024898,,0.928966053476353,0.801665011088793,1.60846758022408,,2.02230838782484,0.30584738316315,,,
Brighton,AstonVilla,28.3116395954991,,,,,2.96,3.45,2.6,2,,0.320889107761593,0.406479490380279,0.272631401858128,,0.949831758974314,1.40235424181196,0.708841644831133,,2.02230838782484,0.30584738316315,,,
Southampton,Wolverhampton,-31.587619481424,,,,,2.46,3.25,3.65,3,,0.262434125915907,0.422798756545715,0.314767117538378,,0.645587949753131,1.37409595877357,1.14889997901508,,2.02230838782484,0.30584738316315,,,
WestBromwich,ManchesterUnited,-254.19595414826,,,,,11,6,1.34,2,,0.13236403566625,0.295815247885907,0.571820716447843,,1.45600439232875,1.77489148731544,0.766239760040109,,1.68606954547854,0.226875484045938,,,
Arsenal,Leeds,94.0050075584206,,,,,1.91,4,4.4,1,,0.420090681665188,0.335380229635875,0.244529088698937,,0.802373201980509,1.3415209185435,1.07592799027532,,1.68606954547854,0.226875484045938,,,
Everton,Fulham,181.299009974787,,,,,2.12,3.5,4,3,,0.599629394266278,0.189199064713278,0.211171541020444,,1.27121431584451,0.662196726496473,0.844686164081776,,1.49412687217852,0.17438747669464,,,
WestHam,Sheffield,125.569065058811,,,,,2.07,3.4,4.3,1,,0.48379811106714,0.28137841656867,0.234823472364189,,1.00146208990898,0.956686616333479,1.00974093116601,,1.1323156244796,0.053967500053575,,,
Chelsea,Newcastle,212.89196096998,,,,,1.33,6.1,12.5,1,,0.654186635029319,0.153737956756113,0.192075408214568,,0.870068224588994,0.937801536212291,2.4009426026821,,1.12897325825043,0.052683655005729,,,
Burnley,Fulham,103.232119934837,,,,,3.05,3.2,2.62,2,,0.437852657473021,0.320463459413647,0.241683883113332,,1.33545060529271,1.02548307012367,0.63321177375693,,1.12897325825043,0.052683655005729,,,
Everton,ManchesterCity,-188.98472194329,,,,,,,,3,,0.16224585641683,0.356210761063349,0.48154338251982,,,,,,0.944234349548285,-0.024920204764824,,,
Wolverhampton,Leeds,13.4376852234133,,,,,2.4,3.45,3.35,1,,0.304311239431451,0.414029665367147,0.281659095201402,,0.730346974635482,1.42840234551666,0.943557968924697,,0.944234349548285,-0.024920204764824,,,
Southampton,Chelsea,-131.11874109507,,,,,5.2,3.95,1.82,2,,0.193640313253293,0.394458892610183,0.411900794136524,,1.00692962891712,1.55811262581022,0.749659445328473,,0.944234349548285,-0.024920204764824,,,
Burnley,WestBromwich,141.320854715805,,,,,2.19,3.4,3.9,2,,0.517529879050262,0.253049055883181,0.229421065066557,,1.13339043512007,0.860366790002817,0.894742153759571,,0.944234349548285,-0.024920204764824,,,
Liverpool,Everton,291.716605402829,,,,,1.41,5.45,8.3,3,,0.746786036013076,0.113928859259768,0.139285104727156,,1.05296831077844,0.620912282965737,1.15606636923539,,0.838392474975541,-0.076552628369968,,,
Fulham,Sheffield,23.8270872786815,,,,,2.04,3.4,4.25,1,,0.315709448943581,0.409045282644521,0.275245268411898,,0.644047275844906,1.39075396099137,1.16979239075057,,0.838392474975541,-0.076552628369968,,,
WestHam,Tottenham,-67.523288201332,,,,,3.12,3.5,2.45,1,,0.234875514442521,0.418670178448432,0.346454307109047,,0.732811605060665,1.46534562456951,0.848813052417165,,0.701890316449686,-0.153730749241123,,,
AstonVilla,Leicester,-115.35060597249,,,,,3.75,3.75,2.06,3,,0.203138941807208,0.402249591668486,0.394611466524306,,0.76177103177703,1.50843596875682,0.81289962104007,,0.701890316449686,-0.153730749241123,,,
Arsenal,ManchesterCity,-108.63638048281,,,,,7,4.8,1.53,3,,0.207318386396858,0.405219921127086,0.387461692476056,,1.45122870477801,1.94505562141001,0.592816389488366,,0.701890316449686,-0.153730749241123,,,
ManchesterUnited,Newcastle,197.947593727688,,,,,1.37,6,11,1,,0.629762496328322,0.168722303815052,0.201515199856625,,0.862774619969802,1.01233382289031,2.21666719842288,,0.701890316449686,-0.153730749241123,,,
Brighton,CrystalPalace,-30.636342254686,,,,,1.8,3.6,5.75,3,,0.263220869323294,0.422792486825281,0.313986643851425,,0.47379756478193,1.52205295257101,1.80542320214569,,0.701890316449686,-0.153730749241123,,,
Leeds,Southampton,56.1764850832664,,,,,2.34,3.7,3.35,1,,0.357213347813441,0.384271224593389,0.25851542759317,,0.835879233883451,1.42180353099554,0.866026682437121,,0.701890316449686,-0.153730749241123,,,
ManchesterCity,WestHam,320.265328862025,,,,,1.28,6.75,12.5,1,,0.769398308157004,0.10884638350768,0.121755308335316,,0.984829834440965,0.734713088676841,1.52194135419145,,0.701890316449686,-0.153730749241123,,,
WestBromwich,Brighton,-54.256454329088,,,,,4.7,3.6,1.91,1,,0.244603719518275,0.421121053337393,0.334275227144332,,1.14963748173589,1.51603579201462,0.638465683845674,,0.701890316449686,-0.153730749241123,,,
Leeds,AstonVilla,140.305841364048,,,,,2.16,3.85,3.52,3,,0.515350329401308,0.254856057045909,0.229793613552782,,1.11315671150683,0.981195819626751,0.808873519705794,,0.701890316449686,-0.153730749241123,,,
Newcastle,Wolverhampton,-20.343508066564,,,,,3.8,3.2,2.35,2,,0.271962669919362,0.4222862032676,0.305751126813038,,1.03345814569358,1.35131585045632,0.71851514801064,,0.63342169571871,-0.198307065420138,,,
Leicester,Arsenal,20.9219951470456,,,,,2.45,3.4,3.2,3,,0.312440256075163,0.410571078865564,0.276988665059273,,0.765478627384149,1.39594166814292,0.886363728189673,,0.855952777447613,-0.067550194504664,,,
CrystalPalace,Fulham,94.7659007403704,,,,,3.65,3.22,2.3,2,,0.421522381744587,0.334187506813447,0.244290111441966,,1.53855669336774,1.0760837719393,0.561867256316521,,0.714741373050041,-0.145851077885852,,,
Tottenham,Burnley,171.925864136354,,,,,1.55,4.35,7.5,1,,0.58140936042514,0.202484373743712,0.216106265831148,,0.901184508658967,0.880807025785147,1.62079699373361,,0.714741373050041,-0.145851077885852,,,
Chelsea,ManchesterUnited,8.14952011472542,,,,,2.42,3.45,3.38,2,,0.298805548296989,0.416082871579021,0.28511158012399,,0.723109426878713,1.43548590694762,0.963677140819086,,0.714741373050041,-0.145851077885852,,,
Sheffield,Liverpool,-286.22380998724,,,,,8.9,5.6,1.39,3,,0.119295409626492,0.261002076758625,0.619702513614884,,1.06172914567578,1.4616116298483,0.861386493924688,,0.714741373050041,-0.145851077885852,,,
Everton,Southampton,63.6833588628205,,,,,2.16,3.65,3.6,1,,0.368379277751914,0.376299570465884,0.255321151782202,,0.795699239944134,1.37349343220048,0.919156146415928,,0.714741373050041,-0.145851077885852,,,
ManchesterCity,Wolverhampton,323.01136856722,,,,,1.25,7,16,1,,0.771358354901942,0.108490540863751,0.120151104234307,,0.964197943627427,0.759433786046258,1.92241766774892,,0.614005067934516,-0.211828044222168,,,
Burnley,Leicester,-87.686887166437,,,,,4,3.2,2.25,2,,0.220913551481374,0.413121429154974,0.365965019363652,,0.883654205925497,1.32198857329592,0.823421293568216,,0.614005067934516,-0.211828044222168,,,
Sheffield,AstonVilla,14.6423035813472,,,,,3.75,3.55,2.22,1,,0.305592203215353,0.413517646388946,0.280890150395701,,1.14597076205757,1.46798764468076,0.623576133878456,,0.811707683755214,-0.090600342912166,,,
CrystalPalace,ManchesterUnited,-154.35021634821,,,,,9,4.95,1.48,2,,0.180410314374012,0.380920726499454,0.438668959126534,,1.62369282936611,1.8855575961723,0.649230059507271,,0.811707683755214,-0.090600342912166,,,
WestBromwich,Everton,-142.86674250944,,,,,4.1,3.6,2.05,3,,0.186839708385015,0.387918404223194,0.425241887391791,,0.766042804378562,1.3965062552035,0.871745869153171,,0.811707683755214,-0.090600342912166,,,
Fulham,Tottenham,-161.10139202286,,,,,4.3,3.55,2.05,3,,0.176727895935473,0.376528249563872,0.446743854500655,,0.759929952522533,1.33667528595175,0.915824901726342,,0.687920309137643,-0.162461868895779,,,
Liverpool,Chelsea,229.884130779884,,,,,2.28,3.6,3.4,3,,0.678961586096926,0.140264868043763,0.18077354585931,,1.54803241630099,0.504953524957548,0.614630055921656,,0.597094518239239,-0.223956915938264,,,
Burnley,Arsenal,-65.107685855328,,,,,4.9,3.65,1.8,2,,0.23661252731053,0.419190577083264,0.344196895606206,,1.1594013838216,1.53004560635391,0.619554412091171,,0.597094518239239,-0.223956915938264,,,
Sheffield,Southampton,-21.094595790867,,,,,3.85,3.4,2.17,3,,0.271309882842584,0.422351249075532,0.306338868081884,,1.04454304894395,1.43599424685681,0.664755343737689,,0.597094518239239,-0.223956915938264,,,
AstonVilla,Wolverhampton,-53.67658171971,,,,,2.65,3.2,3,2,,0.245039847862082,0.421204854075995,0.333755298061923,,0.649355596834517,1.34785553304318,1.00126589418577,,0.597094518239239,-0.223956915938264,,,
Brighton,Leicester,-148.48051518145,,,,,2.55,3.3,3.05,3,,0.183670222402047,0.384572129021253,0.4317576485767,,0.46835906712522,1.26908802577013,1.31686082815893,,0.804797150158512,-0.094313570151746,,,
WestBromwich,Newcastle,-17.601136313115,,,,,2.4,3.2,3.45,2,,0.274367230953855,0.422009479691322,0.303623289354822,,0.658481354289253,1.35043033501223,1.04750034827414,,1.05980584165769,0.025226309019325,,,
Liverpool,Fulham,398.468639262959,,,,,1.63,4.2,6,3,,0.814163490076585,0.103699285133683,0.082137224789732,,1.32708648882483,0.435536997561469,0.492823348738391,,1.43119395779771,0.155698494062495,,,
ManchesterCity,ManchesterUnited,192.140393321201,,,,,1.51,4.5,7,3,,0.619594424470403,0.175404321497697,0.2050012540319,,0.935587580950309,0.789319446739635,1.4350087782233,,1.43119395779771,0.155698494062495,,,
Tottenham,CrystalPalace,182.196883079174,,,,,1.57,4.3,7.05,1,,0.601329762632124,0.1879916042704,0.210678633097476,,0.944087727332435,0.80836389836272,1.48528436333721,,1.43119395779771,0.155698494062495,,,
Chelsea,Everton,89.1088099879923,,,,,1.65,4,6.05,1,,0.411027910074631,0.34287907446768,0.246093015457688,,0.678196051623142,1.37151629787072,1.48886274351901,,1.43119395779771,0.155698494062495,,,
WestHam,Leeds,16.2958479801841,,,,,2.22,3.7,3.4,1,,0.30736733055156,0.412787325594045,0.279845343854395,,0.682355473824464,1.52731310469797,0.951474169104942,,1.43119395779771,0.155698494062495,,,
ManchesterCity,Southampton,338.082399125756,,,,,1.2,7.5,17,1,,0.78153009560333,0.106850497908522,0.111619406488149,,0.937836114723996,0.801378734313912,1.89752991029853,,1.43119395779771,0.155698494062495,,,
Newcastle,AstonVilla,72.5177479914637,,,,,4,3.48,2.15,2,,0.382344621781489,0.36579455669044,0.251860821528071,,1.52937848712596,1.27296505728273,0.541500766285352,,1.43119395779771,0.155698494062495,,,
Leeds,Chelsea,-63.590950020778,,,,,5.2,4.2,1.73,2,,0.237710740791211,0.419500809018497,0.342788450190292,,1.2360958521143,1.76190339787769,0.593024018829204,,1.43119395779771,0.155698494062495,,,
CrystalPalace,WestBromwich,136.280871202359,,,,,2.4,3.2,3.65,1,,0.506704231994744,0.262061415724136,0.23123435228112,,1.21609015678738,0.838596530317236,0.844005385826088,,1.43119395779771,0.155698494062495,,,
Everton,Burnley,73.3315357395881,,,,,2.07,3.55,4.45,3,,0.383676755769099,0.364766103454923,0.251557140775977,,0.794210884442035,1.29491966726498,1.1194292764531,,1.74046088453138,0.240664267308287,,,
Fulham,ManchesterCity,-340.73316026764,,,,,9.25,5.1,1.42,3,,0.098710533115674,0.199516882238762,0.701772584645564,,0.913072431319982,1.01753609941769,0.996517070196701,,1.53916827866718,0.18728610423781,,,
Southampton,Brighton,15.9186675857195,,,,,3.3,3.15,2.5,3,,0.306960687958481,0.412956737035534,0.280082575005985,,1.01297027026299,1.30081372166193,0.700206437514963,,1.53916827866718,0.18728610423781,,,
Leicester,Sheffield,188.594913127739,,,,,1.53,4.3,7.5,1,,0.613203433633291,0.179726513106976,0.207070053259734,,0.938201253458935,0.772824006359995,1.553025399448,,1.32381807486724,0.121828306470809,,,
Arsenal,Tottenham,45.7145541101867,,,,,2.72,3.42,2.85,1,,0.342675245364814,0.393936534734384,0.263388219900802,,0.932076667392294,1.34726294879159,0.750656426717286,,1.32381807486724,0.121828306470809,,,
ManchesterUnited,WestHam,129.197301606842,,,,,1.83,3.65,4.9,1,,0.491525047366576,0.274832153994834,0.233642798638591,,0.899490836680833,1.00313736208114,1.14484971332909,,1.13385403836228,0.054557151193755,,,
Wolverhampton,Liverpool,-185.37869477337,,,,,5.9,3.95,1.76,3,,0.164055213193711,0.359034409570773,0.476910377235516,,0.967925757842895,1.41818591780455,0.839362263934508,,1.09174161979464,0.038119866963045,,,
Fulham,Leeds,-99.72511636462,,,,,2.67,3.4,2.85,3,,0.212995794696278,0.408837038474074,0.378167166829647,,0.568698771839063,1.39004593081185,1.0777764254645,,1.09174161979464,0.038119866963045,,,
Brighton,Newcastle,-2.6766848882132,,,,,1.72,3.55,5.8,1,,0.288086925113292,0.419352863988619,0.292560210898089,,0.495509511194862,1.4887026671596,1.69684922320891,,0.914312713003453,-0.038905241569889,,,
WestHam,Arsenal,-17.617718762865,,,,,3.55,3.55,2.39,2,,0.274352589981193,0.422011340240039,0.303636069778768,,0.973951694433236,1.49814025785214,0.725690206771255,,0.914312713003453,-0.038905241569889,,,
AstonVilla,Tottenham,-118.96436370492,,,,,3.15,3.45,2.4,3,,0.200923364880397,0.400564682316739,0.398511952802864,,0.632908599373251,1.38194815399275,0.956428686726873,,0.914312713003453,-0.038905241569889,,,
Chelsea,WestBromwich,307.896985043322,,,,,1.27,5.8,12.5,3,,0.760125336529155,0.11071028869171,0.129164374779135,,0.965359177392027,0.642119674411917,1.61455468473919,,0.771773915899872,-0.112509903624406,,,
Leeds,Sheffield,173.798909220842,,,,,1.6,4.3,6.45,1,,0.585116035737523,0.199732291230233,0.215151673032244,,0.936185657180037,0.858848852290003,1.38772829105797,,0.771773915899872,-0.112509903624406,,,
Leicester,ManchesterCity,-186.34419712494,,,,,5.4,4,1.69,3,,0.163568971135618,0.358284051449363,0.478146977415019,,0.883272444132339,1.43313620579745,0.808068391831382,,0.771773915899872,-0.112509903624406,,,
Arsenal,Liverpool,-103.10636002077,,,,,2.9,3.75,2.45,3,,0.210823722002909,0.407508605569487,0.381667672427604,,0.611388793808435,1.52815727088558,0.935085797447631,,0.771773915899872,-0.112509903624406,,,
Southampton,Burnley,-38.052162364939,,,,,1.95,3.4,4.1,1,,0.257175461197841,0.42266980089353,0.320154737908628,,0.501492149335791,1.437077323038,1.31263442542538,,0.771773915899872,-0.112509903624406,,,
Newcastle,Tottenham,-92.060059661646,,,,,5.3,3.9,1.69,2,,0.218003164320203,0.411646326060305,0.370350509619491,,1.15541677089708,1.60542067163519,0.625892361256941,,0.771773915899872,-0.112509903624406,,,
AstonVilla,Fulham,26.3440184252774,,,,,2.6,3.2,2.95,1,,0.318596178024906,0.407637188466606,0.273766633508487,,0.828350062864756,1.30443900309314,0.807611568850038,,0.771773915899872,-0.112509903624406,,,
ManchesterUnited,Brighton,183.967945950642,,,,,1.66,4.05,5.65,1,,0.604659531491479,0.185644037779057,0.209696430729464,,1.00373482227586,0.751858353005182,1.18478483362147,,0.771773915899872,-0.112509903624406,,,
Everton,CrystalPalace,65.872798794785,,,,,1.83,3.55,5.3,2,,0.371756152840705,0.373809248083723,0.254434599075571,,0.680313759698491,1.32702283069722,1.34850337510053,,0.771773915899872,,,,
Wolverhampton,WestHam,43.8756969124403,,,,,,,,3,,0.340237170861998,0.395465657122917,0.264297172015084,,0,0,0,,0.771773915899872,,,,
Fulham,Wolverhampton,-105.06689448119,,,,,,,,3,,0.209574365921907,0.406713620157539,0.383712013920554,,0,0,0,,0.771773915899872,,,,
ManchesterCity,Leeds,308.336449351875,,,,,,,,3,,0.760467844115586,0.110636069416855,0.128896086467559,,0,0,0,,0.771773915899872,,,,
Liverpool,AstonVilla,363.881290817951,,,,,,,,1,,0.796899743195341,0.1049931519555,0.098107104849159,,0,0,0,,0.771773915899872,,,,
CrystalPalace,Chelsea,-98.482915777639,,,,,,,,3,,0.213799358879429,0.409311445150672,0.376889195969899,,0,0,0,,0.771773915899872,,,,
Burnley,Newcastle,80.9583142857004,,,,,,,,3,,0.396538234012624,0.354639476172829,0.248822289814547,,0,0,0,,0.771773915899872,,,,
WestHam,Leicester,-42.568305159274,,,,,,,,1,,0.253588020767953,0.422408631915664,0.324003347316384,,0,0,0,,0.771773915899872,,,,
Tottenham,ManchesterUnited,9.28906633786869,,,,,,,,3,,0.29997615929859,0.415666741943766,0.284357098757644,,0,0,0,,0.771773915899872,,,,
Sheffield,Arsenal,-117.39074172985,,,,,,,,3,,0.20188526577995,0.401305766700315,0.396808967519735,,0,0,0,,0.771773915899872,,,,
WestBromwich,Southampton,-68.358064665191,,,,,,,,1,,0.234278629277823,0.418482899059319,0.347238471662858,,0,0,0,,0.771773915899872,,,,
Brighton,Everton,-123.09150021997,,,,,,,,2,,0.198421462870581,0.398567075426273,0.403011461703146,,0,0,0,,0.771773915899872,,,,
Everton,Tottenham,-38.931939779403,,,,,,,,2,,0.256471208181517,0.422629715420902,0.320899076397582,,0,0,0,,0.771773915899872,,,,
Newcastle,WestHam,-20.735153250523,,,,,,,,1,,0.271621976712607,0.4223206909197,0.306057332367693,,0,0,0,,0.771773915899872,,,,
Wolverhampton,Sheffield,170.293792535458,,,,,,,,1,,0.578154453072253,0.204920653038704,0.216924893889043,,0,0,0,,0.771773915899872,,,,
Arsenal,Fulham,217.236923460033,,,,,,,,2,,0.660818776227033,0.14995119051449,0.189230033258478,,0,0,0,,0.771773915899872,,,,
ManchesterUnited,Burnley,167.153692841392,,,,,,,,1,,0.571829258765532,0.209705604457595,0.218465136776873,,0,0,0,,0.771773915899872,,,,
Leeds,Liverpool,-199.7302868592,,,,,,,,2,,0.156960630941809,0.347456309036158,0.495583060022033,,0,0,0,,0.771773915899872,,,,
Chelsea,Brighton,192.009330725542,,,,,,,,2,,0.619360623064367,0.175560814688374,0.205078562247259,,0,0,0,,0.771773915899872,,,,
Tottenham,Southampton,189.461405464458,,,,,,,,1,,0.61477799239035,0.178653173313729,0.206568834295921,,0,0,0,,0.771773915899872,,,,
AstonVilla,ManchesterCity,-300.97427516419,,,,,,,,3,,0.113542975863065,0.244366943966304,0.64209008017063,,0,0,0,,0.771773915899872,,,,
Leicester,WestBromwich,190.027801472491,,,,,,,,1,,0.615802825013363,0.177957520123494,0.206239654863144,,0,0,0,,0.771773915899872,,,,
Arsenal,Everton,69.1408729647612,,,,,,,,3,,0.376899522471878,0.369953116260274,0.253147361267848,,0,0,0,,0.771773915899872,,,,
Liverpool,Newcastle,355.899806976521,,,,,,,,2,,0.792396805131581,0.105463819314791,0.102139375553628,,0,0,0,,0.771773915899872,,,,
WestHam,Chelsea,-54.828229090883,,,,,,,,3,,0.24417461819628,0.421036451274177,0.334788930529543,,0,0,0,,0.771773915899872,,,,
Sheffield,Brighton,-22.85856186399,,,,,,,,1,,0.269786319982725,0.422486165681214,0.307727514336061,,0,0,0,,0.771773915899872,,,,
Wolverhampton,Burnley,63.5236549033663,,,,,,,,3,,0.368135108106087,0.376478295776821,0.255386596117092,,0,0,0,,0.771773915899872,,,,
Leeds,ManchesterUnited,-115.95651998884,,,,,,,,2,,0.202765821285991,0.401971280217143,0.395262898496866,,0,0,0,,0.771773915899872,,,,
AstonVilla,WestBromwich,87.6059437209073,,,,,,,,2,,0.408299304805486,0.345117326628831,0.246583368565683,,0,0,0,,0.771773915899872,,,,
Leicester,CrystalPalace,89.9703976555715,,,,,,,,1,,0.4126035952078,0.341582178489468,0.245814226302731,,0,0,0,,0.771773915899872,,,,
Southampton,Leicester,-109.80231645485,,,,,,,,2,,0.206586662005691,0.404719129640082,0.388694208354227,,0,0,0,,0.771773915899872,,,,
CrystalPalace,ManchesterCity,-265.09212157332,,,,,,,,3,,0.1278200401001,0.284245042865137,0.587934917034763,,0,0,0,,0.771773915899872,,,,
Brighton,Leeds,-92.813450683396,,,,,,,,1,,0.217505758983807,0.411382762667276,0.371111478348917,,0,0,0,,0.771773915899872,,,,
Chelsea,Fulham,222.370947959152,,,,,,,,1,,0.668389143317125,0.145786765649089,0.185824091033785,,0,0,0,,0.771773915899872,,,,
Everton,AstonVilla,122.249814783476,,,,,,,,3,,0.476773921910906,0.287347796164359,0.235878281924735,,,,,,0.771773915899872,,,,
Newcastle,Arsenal,-64.895465140307,,,,,,,,3,,0.236765834838322,0.419234755719598,0.34399940944208,,,,,,0.771773915899872,,,,
Tottenham,Sheffield,304.939842593335,,,,,,,,1,,0.757794488328046,0.111226461800619,0.130979049871335,,,,,,0.771773915899872,,,,
WestBromwich,Wolverhampton,-89.155081065091,,,,,,,,2,,0.219932020264502,0.412636665418384,0.367431314317114,,,,,,0.771773915899872,,,,
Burnley,WestHam,-14.576973771011,,,,,,,,3,,0.277058466308363,0.421631315305633,0.301310218386004,,,,,,0.771773915899872,,,,
Leicester,Newcastle,136.362997484082,,,,,,,,3,,0.506880616644545,0.261913867821924,0.231205515533531,,,,,,0.771773915899872,,,,
Leeds,Tottenham,-20.999674080629,,,,,,,,1,,0.27139224634725,0.422343280769742,0.306264472883008,,,,,,0.771773915899872,,,,
Sheffield,CrystalPalace,-23.087464472898,,,,,,,,3,,0.269589582118444,0.422501855004068,0.307908562877488,,,,,,0.771773915899872,,,,
ManchesterCity,Chelsea,188.093702714521,,,,,,,,3,,0.612288949233647,0.180352397087191,0.207358653679162,,,,,,0.771773915899872,,,,
Liverpool,Southampton,315.598525016956,,,,,,,,1,,0.765986835860024,0.109497212123397,0.124515952016579,,,,,,0.771773915899872,,,,
Wolverhampton,Brighton,78.9328988825207,,,,,,,,1,,0.393056346127738,0.357413769470876,0.249529884401386,,,,,,0.771773915899872,,,,
AstonVilla,ManchesterUnited,-213.41715129345,,,,,,,,3,,0.150450203501483,0.335582296650847,0.51396749984767,,,,,,0.771773915899872,,,,
WestHam,Everton,-21.096836335028,,,,,,,,3,,0.27130793919437,0.422351436281468,0.306340624524163,,,,,,0.771773915899872,,,,
Arsenal,WestBromwich,243.036327828609,,,,,,,,1,,0.696094568267727,0.132083963686138,0.171821468046135,,,,,,0.771773915899872,,,,
Fulham,Burnley,-93.557927328523,,,,,,,,3,,0.21701537464202,0.41111961095613,0.37186501440185,,,,,,0.771773915899872,,,,
ManchesterUnited,Leicester,81.8096863769126,,,,,,,,3,,0.398016073291075,0.353455314436605,0.24852861227232,,,,,,0.771773915899872,,,,
Southampton,CrystalPalace,-10.9443512106,,,,,,,,1,,0.280348536380543,0.421072524138151,0.298578939481306,,,,,,0.771773915899872,,,,
Chelsea,Arsenal,70.1359299614937,,,,,,,,3,,0.37849019207449,0.368746049106621,0.252763758818889,,,,,,0.771773915899872,,,,
AstonVilla,Everton,-129.07894781653,,,,,,,,2,,0.194844737406149,0.395530644110697,0.409624618483155,,,,,,0.771773915899872,,,,
ManchesterUnited,Liverpool,-100.96808942844,,,,,,,,3,,0.212194748540417,0.408354991042996,0.379450260416588,,,,,,0.771773915899872,,,,
Newcastle,ManchesterCity,-271.45062494291,,,,,,,,3,,0.125216908368252,0.277349635802852,0.597433455828896,,,,,,0.771773915899872,,,,
Burnley,Leeds,-41.994214626681,,,,,,,,3,,0.254040287819491,0.42244939707595,0.323510315104559,,,,,,0.771773915899872,,,,
Southampton,Fulham,64.3553077576255,,,,,,,,1,,0.369409807938032,0.375543231399304,0.255046960662664,,,,,,0.771773915899872,,,,
Brighton,WestHam,-59.338378174409,,,,,,,,2,,0.240821813766619,0.420301440069773,0.338876746163608,,,,,,0.771773915899872,,,,
CrystalPalace,AstonVilla,61.4620994059482,,,,,,,,1,,0.365009287947285,0.37874968460561,0.256241027447105,,,,,,0.771773915899872,,,,
Tottenham,Wolverhampton,155.268008225061,,,,,,,,1,,0.547243383220238,0.228879090987444,0.223877525792318,,,,,,0.771773915899872,,,,
WestBromwich,Liverpool,-323.23705567707,,,,,,,,3,,0.105125657063961,0.219100523550864,0.675773819385175,,,,,,0.771773915899872,,,,
Everton,Sheffield,172.284353512875,,,,,,,,3,,0.582121209643692,0.201953983719954,0.215924806636354,,,,,,0.771773915899872,,,,
ManchesterUnited,Fulham,228.217499059443,,,,,,,,2,,0.676667195722841,0.141433358805173,0.181899445471986,,,,,,0.771773915899872,,,,
Southampton,Leeds,-41.54026493623,,,,,,,,3,,0.254398673873808,0.422480087139563,0.323121238986629,,,,,,0.771773915899872,,,,
Brighton,ManchesterCity,-315.28578712894,,,,,,,,1,,0.108097792511235,0.228111309426625,0.66379089806214,,,,,,0.771773915899872,,,,
Chelsea,Leicester,49.0443377383981,,,,,,,,1,,0.347177527783893,0.391039881164348,0.261782591051758,,,,,,0.771773915899872,,,,
Newcastle,Sheffield,120.987748988924,,,,,,,,1,,0.474116655880371,0.289609395105293,0.236273949014336,,,,,,0.771773915899872,,,,
Tottenham,AstonVilla,248.095339248304,,,,,,,,3,,0.70224652311579,0.129388695978172,0.168364780906038,,,,,,0.771773915899872,,,,
Everton,Wolverhampton,7.93558210632159,,,,,,,,1,,0.29858672264227,0.41615941294867,0.28525386440906,,,,,,0.771773915899872,,,,
CrystalPalace,Arsenal,-85.729843102496,,,,,,,,3,,0.222228964141706,0.413751015443183,0.364020020415111,,,,,,0.771773915899872,,,,
WestBromwich,WestHam,-85.886074924671,,,,,,,,3,,0.222123655052282,0.413701454290878,0.36417489065684,,,,,,0.771773915899872,,,,
Burnley,Liverpool,-283.57985795882,,,,,,,,3,,0.12034283250789,0.263956145943901,0.61570102154821,,,,,,0.771773915899872,,,,
Fulham,Newcastle,-65.721499321219,,,,,,,,3,,0.23616975404468,0.419061391700965,0.344768854254356,,,,,,0.771773915899872,,,,
Liverpool,CrystalPalace,312.783059047612,,,,,,,,1,,0.763878231578462,0.109919696093802,0.126202072327736,,,,,,0.771773915899872,,,,
Arsenal,Brighton,176.148333085236,,,,,,,,1,,0.589720287164303,0.196347966854089,0.213931745981608,,,,,,0.771773915899872,,,,
AstonVilla,Chelsea,-181.67368627811,,,,,,,,1,,0.165933397236535,0.36187525987578,0.472191342887685,,,,,,0.771773915899872,,,,
Sheffield,Burnley,-57.277268567569,,,,,,,,1,,0.242347066240409,0.420652128892129,0.337000804867461,,,,,,0.771773915899872,,,,
Leicester,Tottenham,-5.6358046636698,,,,,,,,3,,0.285275573629582,0.420042093729344,0.294682332641074,,,,,,0.771773915899872,,,,
WestHam,Southampton,76.5637249865651,,,,,,,,1,,0.389044288316333,0.36058142141582,0.250374290267847,,,,,,0.771773915899872,,,,
ManchesterCity,Everton,217.914240653326,,,,,,,,1,,0.661833911992961,0.149382856984076,0.188783231022962,,,,,,0.771773915899872,,,,
Leeds,WestBromwich,201.128606600932,,,,,,,,1,,0.635172169225836,0.165269462478967,0.199558368295197,,,,,,0.771773915899872,,,,
Wolverhampton,ManchesterUnited,-135.29995649437,,,,,,,,3,,0.191193511947606,0.392202865635903,0.41660362241649,,,,,,0.771773915899872,,,,
,,,,,,,,,,,,,,,,,,,,0.771773915899872,,,,
