Lille,Rennes,85.18896556,,,,,2.08,3.45,4.6,2,,0.4447485336,0.2828922281,0.2723592382,0.925076949888,0.975978186945,1.25285249572
Lorient,Strasbourg,-14.76125802,,,,,2.5,3.2,3.25,1,,0.2848620037,0.4050123588,0.3101256374,0.71215500925,1.29603954816,1.00790832155
Bordeaux,Nantes,-9.439117189,,,,,2.75,3.01,3.4,2,,0.2911533552,0.4014355113,0.3074111334,0.8006717268,1.208320889013,1.04519785356
Monaco,Reims,0.5012386999,,,,,2,3.6,4.5,2,,0.3034159924,0.3940422183,0.3025417892,0.6068319848,1.41855198588,1.3614380514
Nimes,Brest,76.20283988,,,,,2.35,3.4,3.35,1,,0.4261019824,0.2991045179,0.2747934996,1.00133965864,1.01695536086,0.92055822366
Lyon,Dijon,254.54348366,,,,,1.29,6.5,13.5,1,,0.7781632622,0.0420688919,0.1797678458,1.003830608238,0.27344779735,2.4268659183
Dijon,Angers,3.8541674399,,,,,0,0,0,3,,0.3077129196,0.3913260172,0.3009610631,0,0,0
Strasbourg,Nice,20.336127329,,,,,0,0,0,3,,0.3301414533,0.3761884404,0.2936701062,0,0,0
Nice,Lens,147.43962291,,,,,0,0,0,1,,0.5887857762,0.1592387604,0.2519754633,0,0,0
SaintEtienne,Lorient,139.29980112,,,,,0,0,0,1,,0.5696481488,0.1748716864,0.2554801647,0,0,0
Reims,Lille,-12.33727597,,,,,0,0,0,3,,0.2877047801,0.4034148792,0.3088803406,0,0,0
Rennes,Montpellier,125.45165134,,,,,0,0,0,1,,0.536688008,0.202640965,0.2606710269,0,0,0
Metz,Monaco,12.52830227,,,,,0,0,0,3,,0.3192350563,0.3837421209,0.2970228227,0,0,0
Brest,Marseille,-101.8032877,,,,,0,0,0,3,,0.2014828899,0.4364855842,0.3620315258,0,0,0
Nantes,Nimes,48.258514409,,,,,0,0,0,1,,0.3738847364,0.3429164369,0.2831988266,0,0,0
Angers,Bordeaux,18.9923945,,,,,0,0,0,3,,0.3282265496,0.3775395417,0.2942339086,0,0,0
Lens,PSG,-300.2241412,,,,,0,0,0,1,,0.0882800325,0.4146439187,0.4970760487,0,0,0
Bordeaux,Lyon,-141.1389964,,,,,0,0,0,2,,0.1721731368,0.4398436967,0.3879831664,0,0,0
Montpellier,Nice,77.236905346,,,,,2.2,3.45,3.75,1,,0.4282032296,0.297287083,0.2745096873,0.94204710512,1.02564043635,1.029411327375
SaintEtienne,Strasbourg,107.15564621,,,,,2.15,3.4,3.9,1,,0.4936054711,0.2400211318,0.266373397,1.061251762865,0.81607184812,1.0388562483
Lille,Metz,166.41622992,,,,,1.57,4.1,7.85,1,,0.6316911192,0.1259470655,0.2423618152,0.991755057144,0.51638296855,1.90254024932
Lorient,Lens,48.949841526,,,,,2.4,3.35,3.6,3,,0.375070581,0.3419607203,0.2829686986,0.9001693944,1.145568413005,1.01868731496
Angers,Reims,-16.79733573,,,,,2.35,3.05,4.5,1,,0.2825026462,0.4063143565,0.3111829972,0.66388121857,1.239258787325,1.4003234874
Dijon,Brest,61.09652582,,,,,2.8,3.3,3.05,3,,0.3967758003,0.3240959052,0.2791282944,1.11097224084,1.06951648716,0.85134129792
Nimes,Rennes,-57.64727829,,,,,3.4,3.3,2.3,3,,0.2398749032,0.4258507811,0.3342743156,0.81557467088,1.40530757763,0.76883092588
PSG,Marseille,165.45152693,,,,,1.53,5.5,7.75,3,,0.6295867561,0.1275136624,0.2428995814,0.963267736833,0.7013251432,1.88247175585
Monaco,Nantes,29.692985039,,,,,1.91,3.7,4.6,1,,0.3439358852,0.3661662419,0.2898978728,0.656917540732,1.35481509503,1.33353021488
Montpellier,Lyon,-18.39597258,,,,,3.75,3.7,2.13,1,,0.2806680249,0.4073116608,0.3120203142,1.052505093375,1.50705314496,0.664603269246
Marseille,SaintEtienne,72.67736239,,,,,1.85,3.6,5.25,3,,0.4190273379,0.3052014348,0.2757712272,0.775200575115,1.09872516528,1.4477989428
Lyon,Nimes,195.77182099,,,,,1.38,6.5,12.5,2,,0.690632155,0.0855899201,0.2237779248,0.9530723739,0.55633448065,2.79722406
PSG,Metz,286.5597247,,,,,1.26,12,27,1,,0.8127122063,0.031139418,0.1561483756,1.024017379938,0.373673016,4.2160061412
Lens,Bordeaux,-34.3608188,,,,,2.75,3.17,3.45,1,,0.2631498466,0.4161455689,0.3207045844,0.72366207815,1.319181453413,1.10643081618
Nice,PSG,-163.8068193,,,,,10,5.9,1.4,3,,0.157030269,0.4397883918,0.4031813391,1.57030269,2.59475151162,0.56445387474
Rennes,Monaco,135.28304344,,,,,2.42,3.6,3.3,1,,0.5601146148,0.1828047903,0.2570805948,1.355477367816,0.65809724508,0.84836596284
Montpellier,Angers,126.92676793,,,,,2.04,3.55,4.4,1,,0.5402032005,0.1996369737,0.2601598257,1.10201452902,0.708711256635,1.14470323308
Brest,Lorient,72.001883681,,,,,2.36,3.4,3.25,1,,0.4176877137,0.3063517428,0.2759605434,0.985743004332,1.04159592552,0.89687176605
Metz,Reims,-47.49392203,,,,,,,,1,,0.2497228643,0.4220359196,0.328241216,,,
Strasbourg,Dijon,145.11415726,,,,,,,,1,,0.5833499902,0.1636364472,0.2530135625,,,
Nantes,SaintEtienne,-19.03299577,,,,,,,,2,,0.2799412729,0.4077030364,0.3123556906,,,
Marseille,Lille,4.6484056192,,,,,2.52,3.25,3.3,2,,0.3087432407,0.3906654331,0.3005913261,0.778032966564,1.269662657575,0.99195137613
SaintEtienne,Rennes,6.1912648914,,,,,3.25,3.3,2.5,3,,0.3107586271,0.3893630786,0.2998782942,1.009965538075,1.28489815938,0.7496957355
Marseille,Metz,107.36589629,,,,,1.65,4,6.5,2,,0.4940915578,0.2395952423,0.2663131998,0.81525107037,0.9583809692,1.7310357987
Lille,Nantes,160.73920625,,,,,1.69,4,6.2,1,,0.6191761804,0.1353720174,0.2454518021,1.046407744876,0.5414880696,1.52180117302
Bordeaux,Nice,-22.1750592,,,,,2.18,3.4,3.9,2,,0.2763918466,0.4095841285,0.3140240248,0.602534225588,1.3925860369,1.22469369672
Angers,Brest,95.033298808,,,,,2.25,3.3,3.75,1,,0.4661235338,0.2641535892,0.2697228769,1.04877795105,0.87170684436,1.011460788375
Monaco,Strasbourg,79.804009624,,,,,1.75,4,5.3,1,,0.4334702981,0.2927196923,0.2738100095,0.758573021675,1.1708787692,1.45119305035
Dijon,Montpellier,-10.70244047,,,,,5.2,3.9,1.8,2,,0.2896433506,0.4023077482,0.3080489011,1.50614542312,1.56900021798,0.55448802198
Nimes,Lens,65.077690507,,,,,3.55,3.5,2.3,2,,0.4042531856,0.3178015846,0.2779452297,1.43509880888,1.1123055461,0.63927402831
Reims,PSG,-209.9403869,,,,,14,7.25,1.25,3,,0.1297266885,0.4358828306,0.4343904808,1.816173639,3.16015052185,0.542988101
Nice,Nantes,91.831109213,,,,,2.4,3.35,3.45,1,,0.4590686589,0.2703487376,0.2705826034,1.10176478136,0.90566827096,0.93350998173
Lens,SaintEtienne,-38.11149113,,,,,2.17,3.75,5,1,,0.2592307389,0.4179456987,0.3228235623,0.562530703413,1.567296370125,1.6141178115
Lorient,Lyon,-157.1266905,,,,,5,4,1.77,2,,0.161368739,0.4399405369,0.398690724,0.806843695,1.7597621476,0.70568258148
Montpellier,Nimes,176.64343579,,,,,1.72,3.95,5.3,3,,0.6533861485,0.1102607346,0.2363531168,1.12382417542,0.43552990167,1.25267151904
PSG,Angers,276.77156946,,,,,1.12,12,26,1,,0.8028908627,0.0339063424,0.1632027948,0.899237766224,0.4068761088,4.2432726648
Brest,Monaco,28.331581437,,,,,3.15,3.9,2.37,1,,0.3418774126,0.3676926007,0.2904299866,1.07691384969,1.43400114273,0.688319068242
Bordeaux,Dijon,122.64713199,,,,,1.7,3.85,5.8,1,,0.5300126598,0.208368863,0.2616184771,0.90102152166,0.80222012255,1.51738716718
Rennes,Reims,113.63200648,,,,,1.81,3.78,5.7,2,,0.5086964723,0.2268321303,0.2644713973,0.920740614863,0.857425452534,1.50748696461
Lyon,Marseille,11.885466693,,,,,1.83,3.94,6,2,,0.3183602862,0.3843326555,0.2973070582,0.582599323746,1.51427066267,1.7838423492
Dijon,Rennes,-118.4026856,,,,,5.25,3.1,1.7,2,,0.188615767,0.4384908231,0.3728934098,0.99023277675,1.35932155161,0.63391879666
Nimes,PSG,-258.8139496,,,,,8.75,6.2,1.34,3,,0.1054712384,0.4266116586,0.4679171029,0.922873336,2.64499228332,0.627008917886
Strasbourg,Lille,-43.68400728,,,,,4,3.32,2.25,3,,0.2535343218,0.4204437754,0.3260219027,1.0141372872,1.395873334328,0.733549281075
Strasbourg,Lyon,-92.21141676,,,,,5,3.8,1.91,3,,0.2092785207,0.4348827631,0.3558387161,1.0463926035,1.65255449978,0.679651947751
Marseille,Bordeaux,71.693899726,,,,,2.25,3.35,3.8,1,,0.4170786171,0.3068742914,0.2760470914,0.938426888475,1.02802887619,1.04897894732
Angers,Metz,56.381029716,,,,,,,,2,,0.3881524023,0.3312721243,0.2805754733,,,
Monaco,Montpellier,70.700154807,,,,,1.92,3.9,4.3,2,,0.4151205902,0.3085520495,0.2763273602,0.797031533184,1.20335299305,1.18820764886
Nantes,Brest,90.778953941,,,,,2.25,3.6,3.3,1,,0.4567714672,0.2723643488,0.2708641839,1.0277358012,0.98051165568,0.89385180687
Metz,Lorient,69.041614953,,,,,,,,1,,0.411877548,0.3113237295,0.2767987224,,,
SaintEtienne,Nice,53.539467157,,,,,2.97,3.35,2.77,3,,0.3830772789,0.3354490833,0.2814736377,1.137739518333,1.123754429055,0.779681976429
Rennes,Angers,134.13520871,,,,,2.35,3.45,3.87,3,,0.55738353,0.1850934184,0.2575230515,1.3098512955,0.63857229348,0.996614209305
Lorient,Marseille,-159.4261187,,,,,2.82,3.3,2.87,3,,0.1598638678,0.4399006266,0.4002355055,0.450816107196,1.45167206778,1.148675900785
Lille,Lens,220.83371283,,,,,2.05,3.3,4.5,1,,0.7325760599,0.0619444686,0.2054794714,1.501780922795,0.20441674638,0.9246576213
PSG,Dijon,400.90837938,,,,,1.1,13.5,28,1,,0.8954698181,0.0154502238,0.089079958,0.98501679991,0.2085780213,2.494238824
Montpellier,Reims,101.79961415,,,,,,,,3,,0.4813237713,0.2507974713,0.2678787573,,,
Brest,Strasbourg,59.368515995,,,,,2.39,3.6,3.1,3,,0.393586436,0.3267609822,0.2796525817,0.94067158204,1.17633953592,0.86692300327
Metz,SaintEtienne,-27.5262638,,,,,2.15,3.4,4,1,,0.2704773521,0.4126048966,0.3169177512,0.581526307015,1.40285664844,1.2676710048
Bordeaux,Nimes,37.135584572,,,,,,,,1,,0.3555130868,0.3573978614,0.2870890517,,,
Lyon,Monaco,171.64184018,,,,,1.84,4.1,4.4,1,,0.6429206171,0.1177187346,0.2393606482,1.182973935464,0.48264681186,1.05318685208
Rennes,Brest,191.07548339,,,,,1.98,4,4.2,1,,0.6819090752,0.0910847022,0.2270062225,1.350179968896,0.3643388088,0.9534261345
SaintEtienne,Montpellier,80.614846478,,,,,2.7,3.45,3.15,3,,0.4351487991,0.291260915,0.2735902858,1.17490175757,1.00485015675,0.86180940027
Reims,Lorient,131.96346752,,,,,2.2,3.4,3.7,3,,0.5522108129,0.1894464612,0.2583427258,1.21486378838,0.64411796808,0.95586808546
Reims,Strasbourg,60.873752854,,,,,2.8,3.25,2.95,1,,0.3963627244,0.32444177,0.2791955055,1.10981562832,1.0544357525,0.823626741225
Angers,Nice,0.6052643209,,,,,2.48,3.5,3.2,3,,0.3035480442,0.3939596876,0.3024922681,0.752799149616,1.3788589066,0.96797525792
Dijon,Lorient,49.930706133,,,,,3.2,3.65,2.39,2,,0.3767620996,0.3405934627,0.2826444376,1.20563871872,1.243166138855,0.675520205864
Nice,Lille,1.8276970915,,,,,4.25,3.68,1.99,2,,0.3051058308,0.3929815508,0.3019126183,1.2966997809,1.446172106944,0.600806110417
Nantes,PSG,-241.5371244,,,,,8,5.5,1.5,3,,0.1135297787,0.4304830729,0.4559871483,0.9082382296,2.36765690095,0.68398072245
Lille,Lyon,40.619803426,,,,,2.92,3.48,2.72,2,,0.3611268152,0.3530415921,0.2858315926,1.054490300384,1.228584740508,0.777461931872
Monaco,Bordeaux,49.003741651,,,,,1.88,4.1,4.6,1,,0.3751632575,0.3418859308,0.2829508116,0.7053069241,1.40173231628,1.30157373336
Nimes,Metz,18.666565091,,,,,3.1,3.15,2.75,3,,0.3277646417,0.3778639071,0.2943714511,1.01607038927,1.190271307365,0.809521490525
Bordeaux,Montpellier,20.969284395,,,,,2.72,3.2,3.19,3,,0.3310493485,0.3755442894,0.293406362,0.90045422792,1.20174172608,0.93596629478
PSG,Rennes,188.13817379,,,,,1.51,4.9,6.75,1,,0.6763123198,0.094705406,0.2289822741,1.021231602898,0.4640564894,1.545630350175
Strasbourg,Marseille,-116.1006935,,,,,2.67,3.15,3.1,3,,0.190354976,0.4382671993,0.3713778246,0.50824778592,1.380541677795,1.15127125626
Brest,Lille,-83.67771951,,,,,4.6,4,1.78,1,,0.2164521185,0.4331543019,0.3503935795,0.9956797451,1.7326172076,0.62370057151
Lens,Reims,-21.14611458,,,,,2.2,3.3,3.65,2,,0.2775478068,0.4089770666,0.3134751265,0.61060517496,1.34962431978,1.144184211725
Nimes,Angers,-13.80193228,,,,,2.95,3.3,2.65,3,,0.2859826167,0.4043863611,0.3096310221,0.843648719265,1.33447499163,0.820522208565
Metz,Dijon,136.90343734,,,,,2.17,3.3,4,2,,0.563965526,0.1795896345,0.2564448394,1.22380519142,0.59264579385,1.0257793576
Lorient,Nantes,-18.49437848,,,,,,,,3,,0.2805555986,0.4073723426,0.3120720587,,,
Nice,Monaco,125.83812151,,,,,3.65,3.9,2,3,,0.5376087605,0.2018532644,0.260537975,1.962271975825,0.78722773116,0.52107595
Lyon,SaintEtienne,133.6494737,,,,,1.3,6.1,11,1,,0.5562271357,0.1860645157,0.2577083485,0.72309527641,1.13499354577,2.8347918335
Rennes,Bordeaux,122.1944548,,,,,1.97,3.6,4.5,3,,0.5289365144,0.2092949689,0.2617685166,1.042004933368,0.75346188804,1.1779583247
Monaco,PSG,-211.11551,,,,,6,5.3,1.5,1,,0.1290892165,0.4357209512,0.4351898322,0.774535299,2.30932104136,0.6527847483
Brest,SaintEtienne,10.288979226,,,,,2.3,3.6,3.16,1,,0.3162025503,0.3857791584,0.2980182912,0.72726586569,1.38880497024,0.941737800192
Nantes,Metz,28.777512357,,,,,2.24,3.25,3.6,2,,0.3425496963,0.3671952394,0.2902550642,0.767311319712,1.19338452805,1.04491823112
Dijon,Lens,35.59614104,,,,,4.3,3.8,1.9,3,,0.3530726939,0.3592710798,0.2876562262,1.51821258377,1.36523010324,0.54654682978
Montpellier,Strasbourg,144.76788567,,,,,2.25,3.4,4.4,1,,0.5825381603,0.1642962559,0.2531655837,1.310710860675,0.55860727006,1.11392856828
Angers,Lyon,-103.5831802,,,,,4.5,3.9,1.83,3,,0.2000661691,0.4367457337,0.3631880971,0.90029776095,1.70330836143,0.664634217693
Reims,Nimes,75.992516209,,,,,1.84,3.75,4.4,3,,0.4256760441,0.2994725774,0.2748513784,0.783243921144,1.12302216525,1.20934606496
Lille,Lorient,239.91175876,,,,,1.62,4,6.25,1,,0.7597249864,0.0493437647,0.1909312488,1.230754477968,0.1973750588,1.193320305
Lens,Nantes,15.622111133,,,,,2.2,3.28,3.63,2,,0.3234936874,0.3808340855,0.295672227,0.71168611228,1.24913580044,1.07329018401
Marseille,Nantes,95.520788046,,,,,2.14,3.4,4.1,1,,0.4672056926,0.2632028319,0.2695914754,0.999820182164,0.89488962846,1.10532504914
Strasbourg,Rennes,-68.62984536,,,,,3.25,3.2,2.32,2,,0.2296916944,0.4293353729,0.3409729326,0.7464980068,1.37387319328,0.791057203632
Lyon,Reims,124.57940373,,,,,1.4,5.2,8.15,1,,0.5346105721,0.2044203605,0.2609690673,0.74845480094,1.0629858746,2.126897898495
PSG,Bordeaux,273.76206408,,,,,1.18,8.25,15,2,,0.7997485998,0.0348465165,0.1654048836,0.943703347764,0.287483761125,2.481073254
Lorient,Montpellier,-50.97691024,,,,,3.9,3.6,1.95,3,,0.2462951023,0.4234129002,0.3302919974,0.96055089897,1.52428644072,0.64406939493
Monaco,Nimes,100.31322851,,,,,1.36,5.75,9,1,,0.4779526276,0.2537590422,0.2682883301,0.650015573536,1.45911449265,2.4145949709
Metz,Brest,89.580986284,,,,,2.4,3.3,3.1,3,,0.4541688503,0.2746466399,0.2711845097,1.09000524072,0.90633391167,0.84067198007
Lens,Angers,-4.600534881,,,,,2.2,3.25,3.55,3,,0.2970359753,0.3979566156,0.305007409,0.65347914566,1.2933590007,1.08277630195
Nice,Dijon,202.62252344,,,,,1.81,4,4.55,3,,0.7028596965,0.0782067469,0.2189335565,1.272176050665,0.3128269876,0.996147682075
SaintEtienne,Lille,-24.05928734,,,,,4.3,3.45,2.05,2,,0.2742908573,0.4106736028,0.3150355398,1.17945068639,1.41682392966,0.64582285659
Nimes,Marseille,-162.8923301,,,,,5.3,3.9,1.68,3,,0.1576181997,0.4398157116,0.4025660886,0.83537645841,1.71528127524,0.676311028848
Rennes,Lens,152.71309384,,,,,2.12,3.45,3.7,3,,0.6009924909,0.1494984541,0.2495090549,1.274104080708,0.515769666645,0.92318350313
Montpellier,PSG,-143.3183488,,,,,4.8,4.2,1.72,3,,0.1706646152,0.4398964596,0.3894389251,0.81919015296,1.84756513032,0.669834951172
Bordeaux,Brest,79.911524237,,,,,2.21,3.45,3.3,1,,0.4336924547,0.2925267026,0.2737808426,0.958460324887,1.00921712397,0.90347678058
Angers,Lorient,94.949335715,,,,,1.8,3.64,4.6,1,,0.4659373606,0.264317147,0.2697454923,0.83868724908,0.96211441508,1.24082926458
Lille,Monaco,192.4998501,,,,,2.6,3.45,2.8,1,,0.6845840595,0.0893801778,0.2260357626,1.7799185547,0.30836161341,0.63290013528
Nantes,Strasbourg,65.291067787,,,,,2.22,3.35,3.25,3,,0.4046590488,0.317458202,0.2778827491,0.898343088336,1.0634849767,0.903118934575
Dijon,SaintEtienne,-34.71010887,,,,,3.7,3.55,2.05,2,,0.2627818916,0.416317377,0.3209007313,0.97229299892,1.47792668835,0.657846499165
SaintEtienne,Angers,30.049617664,,,,,2.36,3.4,3.1,2,,0.3444780944,0.3657624841,0.2897594214,0.812968302784,1.24359244594,0.89825420634
Reims,Nice,-18.06830082,,,,,2.42,3.4,3.05,2,,0.2810428027,0.4071090128,0.3118481844,0.680123582534,1.38417064352,0.95113696242
Metz,Lyon,-144.1380853,,,,,7,4.75,1.45,3,,0.1701001645,0.4399130001,0.3899868353,1.1907011515,2.089586750475,0.565480911185
Marseille,Monaco,123.4753439,,,,,3.31,3.5,2.19,1,,0.5319826202,0.2066754555,0.2613419242,1.760862472862,0.72336409425,0.572338813998
Nice,Rennes,-18.2594903,,,,,3.15,3.12,2.35,3,,0.2808240491,0.4072273638,0.311948587,0.884595754665,1.270549375056,0.73307917945
Lens,Montpellier,-16.78417507,,,,,2.5,3.16,2.9,3,,0.2825178142,0.4063060558,0.3111761299,0.7062945355,1.283927136328,0.90241077671
Brest,Reims,4.8185267415,,,,,2.48,3.25,3,1,,0.3089645598,0.3905230732,0.3005123669,0.766232108304,1.2691999879,0.9015371007
Nantes,Dijon,118.56933106,,,,,1.71,3.75,5,2,,0.5203370065,0.2167201309,0.2629428625,0.889776281115,0.812700490875,1.3147143125
Strasbourg,Metz,22.350536074,,,,,1.9,3.45,4.3,2,,0.3330425407,0.3741221977,0.2928352615,0.63278082733,1.290721582065,1.25919162445
Lorient,Nimes,-19.843217,,,,,1.95,3.55,3.9,1,,0.2790204336,0.4081959102,0.3127836561,0.54408984552,1.44909548121,1.21985625879
Lille,Bordeaux,162.54328987,,,,,1.61,3.7,6.3,1,,0.6231868946,0.1323236759,0.2444894294,1.003330900306,0.48959760083,1.54028340522
PSG,Lyon,132.16924807,,,,,1.56,5,5.5,3,,0.5527011836,0.1890327936,0.2582660227,0.862213846416,0.945163968,1.42046312485
Montpellier,Metz,111.98256905,,,,,1.65,3.95,5.6,3,,0.5048314449,0.2302026611,0.2649658939,0.832971884085,0.909300511345,1.48380900584
Reims,Nantes,40.13429993,,,,,2.37,3.25,3.1,1,,0.360336984,0.3536583691,0.2860046468,0.85399865208,1.149389699575,0.88661440508
Angers,Strasbourg,58.321295735,,,,,2.37,3.4,3.05,3,,0.3916701037,0.3283562305,0.2799736657,0.928258145769,1.1164111837,0.853919680385
Nimes,Nice,-69.156759,,,,,4.1,3.8,1.88,3,,0.2292146145,0.4294870249,0.3412983605,0.93977991945,1.63205069462,0.64164091774
PSG,Lorient,344.68623605,,,,,1.15,8.5,17,1,,0.8608928434,0.0207393752,0.1183677813,0.99002676991,0.1762846892,2.0122522821
Dijon,Lille,-111.9677969,,,,,7,4.5,1.45,3,,0.1935133594,0.4378228835,0.368663757,1.3545935158,1.97020297575,0.53456244765
Bordeaux,SaintEtienne,17.931577105,,,,,2.3,3.25,3.25,3,,0.3267261379,0.3785909611,0.2946829009,0.75147011717,1.230420623575,0.957719427925
Rennes,Marseille,-60.85540115,,,,,2.3,3.2,3.47,1,,0.2368519091,0.4269344012,0.3362136896,0.54475939093,1.36619008384,1.166661502912
Lyon,Brest,241.03373424,,,,,1.29,6.1,10,2,,0.7612073784,0.0487203987,0.1900722228,0.981957518136,0.29719443207,1.900722228
Monaco,Lens,118.58127985,,,,,1.58,4.4,5.5,3,,0.5203652887,0.2166956432,0.262939068,0.822177156146,0.95346083008,1.446164874
Marseille,Reims,90.745918297,,,,,1.85,3.4,4.7,2,,0.4566995108,0.2724274686,0.2708730205,0.84489409498,0.92625339324,1.27310319635
Metz,Lens,8.5914219354,,,,,3.35,3.2,2.34,1,,0.3139310057,0.3872861504,0.2987828438,1.051668869095,1.23931568128,0.699151854492
Nice,Lyon,-102.8290497,,,,,6.2,4.6,1.52,3,,0.2006653086,0.4366368909,0.3626978004,1.24412491332,2.00852969814,0.551300656608
SaintEtienne,Nimes,95.529035152,,,,,1.5,4.6,6.75,2,,0.4672240181,0.2631867308,0.269589251,0.70083602715,1.21065896168,1.81972744425
Dijon,Monaco,-9.709357326,,,,,6.6,4.85,1.48,3,,0.2908294613,0.4016233281,0.3075472105,1.91947444458,1.947873141285,0.45516987154
Nantes,Angers,-18.92069802,,,,,2.5,3.25,3.1,2,,0.2800692117,0.4076342903,0.3122964979,0.70017302925,1.324811443475,0.96811914349
Brest,Montpellier,12.06518652,,,,,2.7,3.4,2.75,2,,0.3186045031,0.3841680278,0.297227469,0.86023215837,1.30617129452,0.81737553975
Strasbourg,Bordeaux,7.247223106,,,,,2.15,3.3,3.6,3,,0.3121487086,0.3884570209,0.2993942704,0.67111972349,1.28190816897,1.07781937344
Bordeaux,Reims,-11.15088928,,,,,2.32,3.25,3.5,3,,0.2891098562,0.4026138558,0.3082762879,0.670734866384,1.30849503135,1.07896700765
Lille,PSG,-79.85622274,,,,,3.6,3.5,2.19,2,,0.2197408681,0.4322814481,0.3479776837,0.79106712516,1.51298506835,0.762071127303
Lorient,Rennes,-131.560459,,,,,4.2,3.6,1.9,3,,0.1789410053,0.4394566623,0.3816023323,0.75155222226,1.58204398428,0.72504443137
Lens,Brest,64.125425427,,,,,2.1,3.7,3.6,1,,0.4024482154,0.3193265979,0.2782251866,0.84514125234,1.18150841223,1.00161067176
Rennes,Metz,92.80350337,,,,,1.6,3.9,6.8,1,,0.4612009931,0.2684769549,0.2703220519,0.73792158896,1.04706012411,1.83818995292
Nimes,Dijon,73.516871158,,,,,2.55,3.4,2.9,3,,0.4206994095,0.303763718,0.2755368724,1.072783494225,1.0327966412,0.79905692996
Nice,Lorient,132.24292891,,,,,1.98,3.65,4.35,2,,0.5528767535,0.1888847362,0.2582385102,1.09469597193,0.68942928713,1.12333751937
Montpellier,Lille,9.8592959266,,,,,3.95,3.4,2.1,3,,0.3156253745,0.3861636172,0.2982110082,1.246720229275,1.31295629848,0.62624311722
PSG,Strasbourg,284.14625709,,,,,1.36,5.6,9,1,,0.8103452349,0.0317830089,0.1578717561,1.102069519464,0.17798484984,1.4208458049
Lyon,Nantes,176.40702053,,,,,,,,1,,0.6528979394,0.1106039112,0.2364981493,,,
Angers,Marseille,-123.6002129,,,,,3.3,3.15,2.59,1,,0.1847405389,0.4389347484,0.3763247126,0.60964377837,1.38264445746,0.974681005634
Monaco,SaintEtienne,61.643288163,,,,,1.65,4.35,5.8,2,,0.3977920273,0.3232441702,0.2789638024,0.656356845045,1.40611214037,1.61799005392
Brest,Nice,-15.00553256,,,,,2.43,3.65,3.1,1,,0.284577584,0.4051704662,0.3102519497,0.69152352912,1.47887220163,0.96178104407
Nantes,Rennes,-90.4145668,,,,,4.05,3.55,2.05,2,,0.2107698984,0.4345433201,0.3546867814,0.85361808852,1.542628786355,0.72710790187
Metz,Bordeaux,-22.6586169,,,,,2.8,3.15,2.95,2,,0.2758507175,0.4098664487,0.3142828337,0.772382009,1.291079313405,0.927134359415
Strasbourg,Nimes,45.120281202,,,,,1.5,4.8,8.2,1,,0.3685673163,0.3471724442,0.2842602394,0.55285097445,1.66642773216,2.33093396308
Lyon,Lens,192.49101811,,,,,1.53,4.8,6.5,1,,0.6845675515,0.0893906445,0.2260418039,1.047388353795,0.4290750936,1.46927172535
Lorient,Monaco,-24.73280958,,,,,4.5,4,1.85,3,,0.2735447589,0.4110561611,0.3153990799,1.23095141505,1.6442246444,0.583488297815
Lille,Angers,160.17613884,,,,,1.88,3.48,5.3,3,,0.6179182771,0.1363333256,0.2457483972,1.161686360948,0.474439973088,1.30246650516
SaintEtienne,PSG,-209.3288666,,,,,11.5,6.35,1.3,2,,0.130059521,0.4359658735,0.4339746054,1.4956844915,2.768383296725,0.56416698702
Reims,Dijon,130.44486627,,,,,1.93,3.55,4.7,2,,0.5485910043,0.1925063334,0.2589026622,1.058780638299,0.68339748357,1.21684251234
Marseille,Montpellier,75.368751152,,,,,2.27,3.3,3.75,1,,0.4244157033,0.3005609474,0.2750233492,0.963423646491,0.99185112642,1.0313375595
Montpellier,Nantes,109.86379622,,,,,2.32,3.5,3.7,2,,0.4998873287,0.2345221093,0.2655905619,1.159738602584,0.82082738255,0.98268507903
PSG,Brest,348.87572137,,,,,1.19,8.65,16,1,,0.8638187792,0.0202412096,0.1159400111,1.027944347248,0.17508646304,1.8550401776
Bordeaux,Lorient,77.64127864,,,,,2.27,3.45,3.8,1,,0.4290281271,0.2965728446,0.2743990282,0.973893848517,1.02317631387,1.04271630716
Rennes,Lyon,-55.34624747,,,,,3.95,3.7,2,2,,0.2420687246,0.425038553,0.3328927223,0.95617146217,1.5726426461,0.6657854446
Monaco,Angers,29.252213126,,,,,1.75,3.9,5.75,1,,0.3432674637,0.3666630081,0.2900695281,0.600718061475,1.42998573159,1.667899786575
Reims,SaintEtienne,23.138745103,,,,,2.82,3.15,2.9,1,,0.3341877556,0.3733002554,0.2925119889,0.942409470792,1.17589580451,0.84828476781
Dijon,Marseille,-176.3424326,,,,,5,3.73,1.92,2,,0.1491592969,0.4392112811,0.4116294219,0.7457964845,1.638258078503,0.790328490048
Nimes,Lille,-138.517432,,,,,7.75,4.45,1.52,3,,0.174003012,0.4397631264,0.3862338615,1.348523343,1.95694591248,0.58707546948
Metz,Nice,-45.63477482,,,,,2.92,3.2,2.8,2,,0.251574536,0.4212704222,0.3271550417,0.73459764512,1.34806535104,0.91603411676
Montpellier,Monaco,93.532153629,,,,,4.15,4,1.85,3,,0.4628045876,0.2670688628,0.2701265495,1.92063903854,1.0682754512,0.499734116575
Lens,Strasbourg,22.268121487,,,,,2.45,3.4,3.2,3,,0.3329231264,0.3742077006,0.2928691729,0.81566165968,1.27230618204,0.93718135328
Marseille,Nimes,157.91418791,,,,,1.41,4.9,8.5,3,,0.6128367251,0.1402415435,0.2469217313,0.864099782391,0.68718356315,2.09883471605
Angers,PSG,-226.7203738,,,,,9,5.4,1.36,3,,0.120883997,0.4332855335,0.4458304694,1.087955973,2.3397418809,0.606329438384
Brest,Rennes,-46.24008707,,,,,3.35,3.6,2.2,3,,0.2509699503,0.4215220275,0.3275080221,0.840749333505,1.517479299,0.72051764862
Nice,Bordeaux,24.57134158,,,,,,,,3,,0.3362838956,0.3717867843,0.29192932,,,
Strasbourg,SaintEtienne,13.755475237,,,,,2.2,3.25,3.7,1,,0.3209145769,0.3826017676,0.2964836554,0.70601206918,1.2434557447,1.09698952498
Lille,Reims,144.46267553,,,,,1.67,3.8,6,1,,0.5818221081,0.1648788595,0.2532990323,0.971642920527,0.6265396661,1.5197941938
Nantes,Lens,46.121134692,,,,,3.7,3.25,2.35,2,,0.3702515309,0.3458297505,0.2839187185,1.36993066433,1.123946689125,0.667208988475
Marseille,Lens,131.05987482,,,,,2.2,3.6,3.95,3,,0.5500571495,0.191265665,0.2586771854,1.2101257289,0.688556394,1.02177488233
Lyon,Metz,165.00182083,,,,,1.3,6,11,3,,0.6286025767,0.1282489176,0.2431485056,0.81718334971,0.7694935056,2.6746335616
PSG,Montpellier,250.64023936,,,,,1.22,8.75,18.5,1,,0.7734278053,0.0438382696,0.182733925,0.943581922466,0.383584859,3.3805776125
Monaco,Marseille,-42.77523166,,,,,2,4,4.8,1,,0.254453287,0.4200503466,0.3254963663,0.508906574,1.6802013864,1.56238255824
Bordeaux,Angers,-26.45230524,,,,,2.58,3.25,3.2,1,,0.2716515174,0.4120166492,0.3163318333,0.700860914892,1.3390541099,1.01226186656
Lens,Nice,-53.26980129,,,,,2.22,3.55,3.95,3,,0.2440671941,0.42427982,0.3316529858,0.541829170902,1.506193361,1.31002929391
Reims,Brest,126.7423947,,,,,2.55,3.4,3,1,,0.5397637368,0.2000120422,0.2602242209,1.37639752884,0.68004094348,0.7806726627
Dijon,Strasbourg,-33.86023161,,,,,4,3.5,2.15,2,,0.263678266,0.4158978259,0.320423908,1.054713064,1.45564239065,0.6889114022
Metz,Nantes,21.54573711,,,,,2.6,3.25,3.2,1,,0.331879082,0.3749536111,0.2931673068,0.8628856132,1.218599236075,0.93813538176
Rennes,Lille,9.3869992299,,,,,3.1,3.15,2.77,3,,0.3149926872,0.3865838444,0.2984234683,0.97647733032,1.21773910986,0.826633007191
Lorient,Dijon,33.66436414,,,,,2.25,3.5,3.45,1,,0.350044436,0.3615774689,0.288378095,0.787599981,1.26552114115,0.99490442775
SaintEtienne,Lyon,-105.7871611,,,,,7.2,4.6,1.62,3,,0.1983245001,0.4370523225,0.3646231773,1.42793640072,2.0104406835,0.590689547226
Lyon,Bordeaux,122.22366183,,,,,1.4,5.35,8.35,1,,0.5290059349,0.2092352055,0.2617588595,0.74060830886,1.119408349425,2.185686476825
Nice,SaintEtienne,41.035135713,,,,,2.44,3.5,3.15,3,,0.3618044577,0.3525114395,0.2856841027,0.882802876788,1.23379003825,0.899904923505
Montpellier,Lens,89.663769856,,,,,3.2,3.3,2.45,3,,0.4543482523,0.2744893676,0.27116238,1.45391440736,0.90581491308,0.664347831
Brest,Metz,24.688360927,,,,,1.95,3.55,4.35,3,,0.3364559574,0.3716620379,0.2918820046,0.65608911693,1.319400234545,1.26968672001
Strasbourg,Reims,4.116465548,,,,,2.15,3.25,4,3,,0.3080526496,0.391108594,0.3008387563,0.66231319664,1.2711029305,1.2033550252
Angers,Nimes,57.571137171,,,,,1.7,4.1,5.8,1,,0.3903050153,0.3294897211,0.2802052635,0.66351852601,1.35090785651,1.6251905283
Lorient,PSG,-306.395501,,,,,16.2,9.5,1.19,1,,0.0859592167,0.4125289297,0.5015118535,1.39253931054,3.91902483215,0.596799105665
Lille,Dijon,275.66851059,,,,,1.37,5.25,11,1,,0.8017460857,0.0342457106,0.1640082036,1.098392137409,0.17978998065,1.8040902396
Nantes,Monaco,8.4894059805,,,,,5.05,3.95,1.76,3,,0.3137952354,0.3873757035,0.298829061,1.58466593877,1.530134028825,0.52593914736
Bordeaux,Lille,-96.60071827,,,,,4.1,3.25,2.15,3,,0.2056770268,0.4356591435,0.3586638296,0.84327580988,1.415892216375,0.77112723364
Rennes,Lorient,189.45220979,,,,,1.65,4.1,5.9,2,,0.6788294564,0.0930679859,0.2281025576,1.12006860306,0.38157874219,1.34580508984
Metz,Montpellier,-7.316949199,,,,,2.75,3.15,3.07,2,,0.2937138196,0.3999369778,0.3063492025,0.8077130039,1.25980148007,0.940492051675
Reims,Angers,30.019999623,,,,,2.67,3.11,3.1,2,,0.3444330172,0.3657960779,0.2897709048,0.919636155924,1.137625802269,0.89828980488
Strasbourg,Brest,104.68065221,,,,,2.2,3.25,3.5,2,,0.4879052232,0.2450194079,0.2670753688,1.07339149104,0.796313075675,0.9347637908
PSG,Nimes,315.38164097,,,,,1.15,11,23,1,,0.8385313577,0.024989839,0.1364788032,0.964311061355,0.274888229,3.1390124736
Dijon,Lyon,-214.9207213,,,,,9.5,6.3,1.37,3,,0.1270439833,0.4351760284,0.4377799882,1.20691784135,2.74160897892,0.599758583834
SaintEtienne,Nantes,81.844375272,,,,,2.08,3.45,4,2,,0.4377074887,0.2890344146,0.2732580966,0.910431576496,0.99716873037,1.0930323864
Monaco,Nice,38.834713983,,,,,1.5,4.8,6.75,1,,0.3582349251,0.3552937615,0.2864713133,0.53735238765,1.7054100552,1.933681364775
Lens,Marseille,-129.3871214,,,,,2.42,3.3,3.4,2,,0.1805083952,0.4393326642,0.3801589405,0.436830316384,1.44979779186,1.2925403977
Lorient,Reims,-60.38587158,,,,,3.05,3.25,2.67,1,,0.2372917892,0.4267792937,0.335928917,0.72373995706,1.387032704525,0.89693020839
Lyon,Strasbourg,171.80674964,,,,,1.4,5.55,9,1,,0.6432701881,0.1174662571,0.2392635547,0.90057826334,0.651937726905,2.1533719923
Lens,Rennes,-120.2682152,,,,,2.85,3.25,2.82,2,,0.187216666,0.4386597854,0.3741235485,0.5335674981,1.42564430255,1.05502840677
Brest,Bordeaux,6.6644188189,,,,,2.8,3.45,2.83,1,,0.3113804106,0.3889585786,0.2996610107,0.87186514968,1.34190709617,0.848040660281
Montpellier,Dijon,157.78476109,,,,,1.75,3.95,5.1,1,,0.6125446266,0.1404673857,0.2469879876,1.07195309655,0.554846173515,1.25963873676
Nice,Angers,1.0988759951,,,,,3,3.25,2.7,1,,0.3041757337,0.3935665656,0.3022577006,0.9125272011,1.2790913382,0.81609579162
SaintEtienne,Metz,21.074289343,,,,,2.4,3.25,3.3,1,,0.3312002664,0.375436993,0.2933627405,0.79488063936,1.22017022725,0.96809704365
Nimes,Monaco,-60.3013207,,,,,7.3,4.9,1.48,3,,0.2373710932,0.4267512368,0.3358776699,1.73280898036,2.09108106032,0.497098951452
Nantes,Lille,-120.1980494,,,,,5.1,3.62,1.86,3,,0.187269122,0.4386536271,0.3740772508,0.9550725222,1.587926130102,0.695783686488
Marseille,PSG,-159.9509617,,,,,7.3,5.3,1.45,3,,0.1595220785,0.4398896736,0.4005882478,1.16451117305,2.33141527008,0.58085295931
PSG,Nice,235.16723511,,,,,1.34,6.75,11.5,1,,0.7533222461,0.0521136559,0.1945640979,1.009451809774,0.351767177325,2.23748712585
Lyon,Montpellier,148.53541497,,,,,1.43,5.15,7.5,3,,0.5913367058,0.1571874352,0.2514758589,0.845611489294,0.80951529128,1.88606894175
Monaco,Lorient,182.4114902,,,,,1.43,5.25,8.1,2,,0.6650917638,0.1021779817,0.2327302544,0.951081222234,0.536434403925,1.88511506064
Reims,Lens,57.508388702,,,,,3.25,3.1,2.66,2,,0.3901911187,0.3295841842,0.280224697,1.268121135775,1.02171097102,0.74539769402
Rennes,SaintEtienne,92.268277277,,,,,1.96,3.55,4.5,3,,0.4600262168,0.2695082742,0.2704655089,0.901651384928,0.95675437341,1.21709479005
Angers,Nantes,62.501113162,,,,,2.21,3.1,4.1,3,,0.3993932642,0.3218996865,0.2787070492,0.882659113882,0.99788902815,1.14269890172
Dijon,Nimes,-5.423399834,,,,,,,,3,,0.2960242403,0.3985639862,0.3054117734,,,
Metz,Strasbourg,27.219913033,,,,,3.1,3,2.75,3,,0.3402097818,0.3689215021,0.290868716,1.05465032358,1.1067645063,0.799888969
Lille,Brest,267.74916829,,,,,1.63,4.3,6.75,2,,0.7932864209,0.0368668844,0.1698466946,1.293056866067,0.15852760292,1.14646518855
Bordeaux,Marseille,-98.54310862,,,,,2.67,3.25,3.1,2,,0.2041017862,0.4359793766,0.3599188371,0.544951769154,1.41693297395,1.11574839501
Marseille,Nice,39.552386839,,,,,2.52,3.5,3.55,1,,0.3593935677,0.3543934474,0.2862129848,0.905671790604,1.2403770659,1.01605609604
Brest,Lyon,-134.6871094,,,,,6.25,4.9,1.53,3,,0.1767068886,0.4396112631,0.3836818482,1.10441805375,2.15409518919,0.587033227746
Montpellier,Rennes,-38.9841449,,,,,3.35,2.35,2.42,1,,0.2583288648,0.4183505934,0.3233205417,0.86540169708,0.98312389449,0.782435710914
SaintEtienne,Reims,37.87347859,,,,,2.25,3.2,3.9,2,,0.3566914533,0.3564888271,0.2868197195,0.802555769925,1.14076424672,1.11859690605
Nantes,Marseille,-111.4717558,,,,,2.7,3.2,3.1,2,,0.1938955707,0.4377657912,0.368338638,0.52351804089,1.40085053184,1.1418497778
Nice,Metz,14.571728511,,,,,2.25,3.3,3.8,3,,0.3220387365,0.3818337275,0.2961275359,0.724587157125,1.26005130075,1.12528463642
Lens,Dijon,94.654059327,,,,,1.55,4.4,7.5,1,,0.4652831384,0.2648918739,0.2698249876,0.72118886452,1.16552424516,2.023687407
Strasbourg,Angers,1.1283470198,,,,,2.36,3.2,3.6,2,,0.3042132669,0.3935430155,0.3022437175,0.717943309884,1.2593376496,1.088077383
Nimes,Bordeaux,-71.3730348,,,,,3.3,3.45,2.4,1,,0.2272190165,0.4301100538,0.3426709296,0.74982275445,1.48387968561,0.82241023104
Lorient,Lille,-143.2272247,,,,,5.25,3.65,1.85,3,,0.1707274608,0.4398945097,0.3893780294,0.8963191692,1.605614960405,0.72034935439
PSG,Monaco,262.06798158,,,,,1.67,4.3,5.7,3,,0.7869435471,0.0389665333,0.1740899195,1.314195723657,0.16755609319,0.99231254115
Nimes,Lorient,33.353146818,,,,,3.45,3.58,2.48,1,,0.3495600865,0.3619444614,0.288495452,1.205982298425,1.295761171812,0.71546872096
Bordeaux,Metz,-17.23560021,,,,,2.5,3.15,3.41,3,,0.2819981393,0.4065899327,0.3114119279,0.70499534825,1.280758288005,1.061914674139
Dijon,PSG,-307.8711108,,,,,13,7.1,1.26,3,,0.085413104,0.4120102749,0.502576621,1.110370352,2.92527295179,0.63324654246
Monaco,Brest,173.96416422,,,,,1.49,5.2,7.7,1,,0.6478153946,0.1142043897,0.2379802156,0.965244937954,0.59386282644,1.83244766012
Lorient,SaintEtienne,-39.56590801,,,,,3.05,3.28,2.6,1,,0.2577296754,0.4186176525,0.323652672,0.78607550997,1.3730659002,0.8414969472
Rennes,Nice,54.086324383,,,,,1.88,3.55,5.1,3,,0.3840469337,0.3346538701,0.2812991961,0.722008235356,1.188021238855,1.43462590011
Reims,Montpellier,17.777378476,,,,,2.82,3.2,2.85,2,,0.3265088655,0.3787426832,0.2947484512,0.92075500071,1.21197658624,0.84003308592
Nimes,Nantes,-19.14303652,,,,,3.2,3.39,2.45,2,,0.2798159787,0.4077702983,0.3124137229,0.89541113184,1.382341311237,0.765413621105
Angers,Lens,28.038958743,,,,,3.15,3.1,2.72,2,,0.3414372961,0.3680175998,0.290545104,1.075527482715,1.14085455938,0.79028268288
Lille,Strasbourg,182.09318874,,,,,1.78,3.8,6.55,2,,0.6644562553,0.1026094561,0.2329342885,1.182732134434,0.38991593318,1.525719589675
Marseille,Lyon,-94.67384332,,,,,5.6,4.65,1.73,2,,0.2072508551,0.4353274256,0.3574217192,1.16060478856,2.02427252904,0.618339574216
SaintEtienne,Lens,62.039012731,,,,,2.95,3.53,2.85,3,,0.3985296548,0.3226251848,0.2788451603,1.17566248166,1.138866902344,0.794708706855
Lyon,Rennes,60.333502528,,,,,1.77,4,5.5,1,,0.3953633122,0.3252777245,0.2793589632,0.699793062594,1.301110898,1.5364742976
Nice,Nimes,55.643977022,,,,,1.9,3.63,4.9,1,,0.3868272747,0.3323662323,0.2808064929,0.73497182193,1.206489423249,1.37595181521
Brest,Dijon,148.1320469,,,,,1.81,4,5,1,,0.5903985143,0.1579409372,0.2516605484,1.068621310883,0.6317637488,1.258302742
Metz,Angers,-12.89568523,,,,,2.7,3.05,3.18,3,,0.2870465788,0.40378752,0.3091659011,0.77502576276,1.231551936,0.983147565498
Montpellier,Lorient,161.32276375,,,,,2.05,3.7,4.1,2,,0.6204768103,0.13438067,0.2451425196,1.271977461115,0.497208479,1.00508433036
Lille,Marseille,69.202481708,,,,,1.85,3.8,6,1,,0.4121907358,0.3110564648,0.2767527993,0.76255286123,1.18201456624,1.6605167958
Bordeaux,PSG,-250.4944931,,,,,7.75,4.6,1.55,3,,0.1092836615,0.4285572795,0.4621590589,0.846948376625,1.9713634857,0.716346541295
Nantes,Reims,-25.24258603,,,,,2.65,3.05,3.45,3,,0.27298175,0.4113433303,0.3156749196,0.7234016375,1.254597157415,1.08907847262
Strasbourg,Monaco,-23.42767341,,,,,4.5,3.95,1.88,1,,0.2749928685,0.410311572,0.3146955594,1.23746790825,1.6207307094,0.591627651672
Marseille,Rennes,7.2119260721,,,,,2.97,3.2,2.75,1,,0.3121021011,0.3884875018,0.299410397,0.926943240267,1.24316000576,0.82337859175
Reims,Lyon,-131.1570353,,,,,7.5,4.65,1.52,2,,0.1792310504,0.4394346779,0.3813342716,1.344232878,2.043371252235,0.579628092832
Marseille,Brest,184.31015308,,,,,2.02,3.5,4.25,1,,0.6688568005,0.0996395912,0.2315036082,1.35109073701,0.3487385692,0.98389033485
Angers,SaintEtienne,15.78569766,,,,,2.5,3.3,3.45,3,,0.323721132,0.3806772504,0.2956016175,0.80930283,1.25623492632,1.019825580375
Nimes,Montpellier,-66.45692271,,,,,4.3,3.65,2.11,2,,0.2316699373,0.4286954152,0.3396346474,0.99618073039,1.56473826548,0.716629106014
Rennes,Strasbourg,74.22317503,,,,,2.17,3.35,3.85,1,,0.4221122852,0.3025472415,0.2753404732,0.915983658884,1.013533259025,1.06006082182
Lorient,Nice,-52.96828686,,,,,2.5,3.4,3.15,2,,0.2443588879,0.424167579,0.331473533,0.61089721975,1.4421697686,1.04414162895
Dijon,Bordeaux,-63.67315797,,,,,3.6,3.45,2.32,3,,0.2342301622,0.4278406425,0.3379291952,0.84322858392,1.476050216625,0.783995732864
Lens,Metz,-42.55391131,,,,,2.02,3.4,4.5,2,,0.2546776712,0.4199537215,0.3253686072,0.514448895824,1.4278426531,1.4641587324
Monaco,Lille,-32.72407591,,,,,2.6,3.25,3.25,2,,0.2648823552,0.415328867,0.3197887777,0.68869412352,1.34981881775,1.039313527525
SaintEtienne,Monaco,19.623594806,,,,,4.9,3.8,1.92,3,,0.3291240433,0.3769075741,0.2939683825,1.61270781217,1.43224878158,0.5644192944
PSG,Nantes,282.89405929,,,,,1.25,7.45,15,3,,0.8091033477,0.0321265042,0.158770148,1.011379184625,0.23934245629,2.38155222
Metz,Rennes,-83.40295805,,,,,3.85,3.15,2.39,3,,0.2166869677,0.4330936421,0.3502193901,0.834244825645,1.364244972615,0.837024342339
Nice,Marseille,-62.50008977,,,,,3.35,3.4,2.47,1,,0.2353178874,0.4274684476,0.3372136649,0.78831492279,1.45339272184,0.832917752303
Strasbourg,Lens,16.800534988,,,,,2.85,3.3,2.87,3,,0.3251372828,0.3796973257,0.2951653914,0.92664125598,1.25300117481,0.847124673318
Brest,Angers,18.945049745,,,,,2.52,3.25,3.2,2,,0.3281593735,0.3775867523,0.2942538741,0.82696162122,1.227156944975,0.94161239712
Montpellier,Bordeaux,59.081746382,,,,,2.32,3.4,3.6,1,,0.3930604323,0.3271993158,0.2797402518,0.911900202936,1.11247767372,1.00706490648
Nantes,Lorient,69.773762655,,,,,2.35,3.15,3.5,2,,0.4133053203,0.3101046065,0.2765900731,0.971267502705,0.976829510475,0.96806525585
Dijon,Reims,-100.0451705,,,,,3.7,3.4,2.25,3,,0.2028913099,0.4362174235,0.3608912665,0.75069784663,1.4831392399,0.812005349625
Lyon,PSG,-96.86433174,,,,,3.35,4,2.17,3,,0.2054625814,0.4357034324,0.3588339861,0.68829964769,1.7428137296,0.778669749837
Lille,Nimes,220.2387751,,,,,1.37,5.3,12,3,,0.7316667378,0.0624048009,0.2059284612,1.002383430786,0.33074544477,2.4711415344
Monaco,Metz,63.878529859,,,,,1.55,4.6,7,1,,0.4019819246,0.3197200015,0.2782980738,0.62307198313,1.4707120069,1.9480865166
PSG,Lille,117.22520061,,,,,1.78,4,5.45,3,,0.5171586284,0.2194747253,0.2633666462,0.920542358552,0.8778989012,1.43534822179
Lens,Lyon,-178.6125776,,,,,4.65,4.3,1.77,2,,0.1477709051,0.4390670888,0.413162006,0.687134708715,1.88798848184,0.73129675062
Lorient,Brest,79.804213821,,,,,2.3,3.45,3.3,1,,0.4334707199,0.2927193259,0.2738099541,0.99698265577,1.009881674355,0.90357284853
Angers,Montpellier,-18.29225839,,,,,2.85,3.2,2.7,2,,0.2807865789,0.4072476171,0.3119658039,0.800241749865,1.30319237472,0.84230767053
Bordeaux,Strasbourg,7.9246811477,,,,,2.9,3.15,2.7,3,,0.3130451638,0.3878693791,0.299085457,0.90783097502,1.221788544165,0.8075307339
Reims,Rennes,-28.83687254,,,,,3.8,3.12,2.2,2,,0.2690529885,0.4133108042,0.3176362072,1.0224013563,1.289529709104,0.69879965584
Marseille,Dijon,224.33009564,,,,,1.53,4.5,7,1,,0.7378401064,0.0593276385,0.202832255,1.128895362792,0.26697437325,1.419825785
Nimes,SaintEtienne,-49.50745475,,,,,3.25,3.4,2.4,3,,0.2477347852,0.4228409173,0.3294242974,0.8051380519,1.43765911882,0.79061831376
Nantes,Nice,-54.96192771,,,,,2.5,3.25,3.15,3,,0.242437258,0.4248999847,0.3326627572,0.606093145,1.380924950275,1.04788768518
Strasbourg,PSG,-250.4585604,,,,,5,4.1,1.7,3,,0.1093003999,0.4285653544,0.4621342456,0.5465019995,1.75711795304,0.78562821752
Metz,Lille,-163.281382,,,,,6.85,3.75,1.68,3,,0.1573678449,0.4398043385,0.4028278165,1.077969737565,1.649266269375,0.67675073172
Nice,Reims,4.7971095982,,,,,2.15,3.3,3.8,2,,0.3089366849,0.3905410123,0.3005223027,0.664213872535,1.28878534059,1.14198475026
SaintEtienne,Bordeaux,32.408602763,,,,,2.3,3.15,3.75,1,,0.3480960131,0.3630505479,0.2888534389,0.80062083013,1.143609225885,1.083200395875
Rennes,Nantes,80.745383089,,,,,1.93,3.6,4.6,1,,0.4354196822,0.2910253545,0.2735549632,0.840359986646,1.0476912762,1.25835283072
Montpellier,Marseille,-3.534621716,,,,,2.55,3.4,2.9,2,,0.2983535863,0.3971600716,0.304486342,0.760801645065,1.35034424344,0.8830103918
Brest,Nimes,65.893992079,,,,,1.96,3.75,3.85,2,,0.4058086698,0.3164846409,0.2777066892,0.795384992808,1.186817403375,1.06917075342
Monaco,Dijon,233.02161136,,,,,1.2,8.5,17,1,,0.7503536469,0.0534404952,0.1962058578,0.90042437628,0.4542442092,3.3354995826
Lens,Lorient,82.553985848,,,,,2.25,3.45,3.6,1,,0.4391915402,0.2877415966,0.2730668631,0.98818096545,0.99270850827,0.98304070716
Lyon,Angers,130.10982257,,,,,,,,1,,0.5477922064,0.1931830259,0.2590247676,0,0,0
Angers,Rennes,-68.0250935,,,,,5,3.7,2.28,3,,0.2302405084,0.4291596282,0.3405998633,1.151202542,1.58789062434,0.776567688324
Lille,Montpellier,134.24961139,,,,,1.64,4,5.6,2,,0.5576558357,0.1848649217,0.2574792425,0.914555570548,0.7394596868,1.441883758
PSG,SaintEtienne,210.98362318,,,,,1.31,6,10.2,1,,0.7169950233,0.0701630981,0.2128418785,0.939263480523,0.4209785886,2.1709871607
Marseille,Lorient,197.60073606,,,,,2.15,3.6,3.95,1,,0.6939541048,0.083546462,0.2224994331,1.49200132532,0.3007672632,0.878872760745
Brest,Lens,20.735822355,,,,,3.12,3.45,2.65,2,,0.3307141629,0.3757823684,0.2935034686,1.031828188248,1.29644917098,0.77778419179
Dijon,Nice,-124.8619958,,,,,4.7,3.9,1.9,1,,0.1838104161,0.4390300347,0.3771595491,0.86390895567,1.71221713533,0.71660314329
Reims,Metz,23.559707722,,,,,2.6,3.12,3.22,2,,0.3348017267,0.372858154,0.2923401192,0.87048448942,1.16331744048,0.941335183824
Nimes,Strasbourg,-42.41527475,,,,,,,,2,,0.2548183437,0.4198930323,0.3252886239,0,0,0
Reims,Marseille,-29.77762578,,,,,3.85,3.55,2.55,3,,0.2680362972,0.4138094928,0.3181542099,1.03193974422,1.46902369944,0.811293235245
Bordeaux,Monaco,-48.32423144,,,,,6.5,4.2,1.68,3,,0.2489008834,0.422370875,0.3287282415,1.6178557421,1.773957675,0.55226344572
Nantes,Lyon,-194.3248063,,,,,7,5,1.55,3,,0.1384646778,0.4377450191,0.423790303,0.9692527446,2.1887250955,0.65687496965
SaintEtienne,Brest,141.46719429,,,,,2.06,3.5,3.8,3,,0.5747718396,0.1706462761,0.2545818842,1.184029989576,0.59726196635,0.96741115996
Metz,PSG,-291.3250758,,,,,14,7,1.45,3,,0.091733189,0.4175406836,0.4907261273,1.284264646,2.9227847852,0.711552884585
Lorient,Bordeaux,4.3706471269,,,,,2.25,3.5,3.5,1,,0.3083823697,0.3908972073,0.3007204229,0.693860331825,1.36814022555,1.05252148015
Rennes,Dijon,216.06311881,,,,,1.47,5.5,10,1,,0.7251709334,0.0657634607,0.2090656058,1.066001272098,0.36169903385,2.090656058
Nice,Montpellier,10.045242343,,,,,2.85,3.5,3.2,1,,0.3158749643,0.3859974933,0.2981275423,0.900243648255,1.35099122655,0.95400813536
Lens,Nimes,33.409102082,,,,,1.86,3.75,5.25,1,,0.3496470985,0.3618785714,0.28847433,0.65034360321,1.35704464275,1.5144902325
Strasbourg,Nantes,17.514807377,,,,,2.25,3.45,4.25,3,,0.3261393713,0.379000391,0.2948602376,0.733813585425,1.30755134895,1.2531560098
Angers,Monaco,-41.39710906,,,,,9.5,5,1.82,3,,0.2558542277,0.4194434682,0.324702304,2.43061516315,2.097217341,0.59095819328
Marseille,Strasbourg,114.61131986,,,,,1.88,3.9,4.75,2,,0.5109973523,0.2248284785,0.2641741691,0.960675022324,0.87683106615,1.254827303225
Lyon,Lille,7.9740036142,,,,,2.1,3.55,3.85,3,,0.3131105728,0.3878264008,0.2990630263,0.65753220288,1.37678372284,1.151392651255
Bordeaux,Rennes,-108.3216925,,,,,5.05,4.15,1.75,1,,0.1963386547,0.4373840132,0.366277332,0.991510206235,1.81514365478,0.640985331
Lille,Nice,124.52321119,,,,,1.45,4.75,8.5,1,,0.5344767733,0.2045350647,0.2609881619,0.774991321285,0.971541557325,2.21839937615
Lorient,Angers,-8.10932037,,,,,2,3.62,4.6,1,,0.2927542583,0.4005014271,0.3067443145,0.5855085166,1.449815166102,1.4110238467
PSG,Lens,222.39685223,,,,,1.4,5.6,8.5,1,,0.7349462691,0.0607560394,0.2042976914,1.02892477674,0.34023382064,1.7365303769
Dijon,Metz,-92.64626538,,,,,3.8,3.37,2.25,3,,0.208919098,0.4349630004,0.3561179015,0.7938925724,1.465825311348,0.801265278375
Brest,Nantes,35.142124129,,,,,2.65,3.35,2.85,3,,0.3523575824,0.3598175515,0.287824866,0.93374759336,1.205388797525,0.8203008681
Nimes,Reims,-78.7279739,,,,,2.32,3.37,3.65,2,,0.2207211536,0.4320115449,0.3472673014,0.512073076352,1.455878906313,1.26752565011
Montpellier,SaintEtienne,58.010856571,,,,,2.92,3.5,2.88,3,,0.3911044141,0.3288262406,0.2800693452,1.142024889172,1.1508918421,0.806599714176
Lens,Lille,-142.499994,,,,,5,3.66,1.95,3,,0.1712297265,0.439878149,0.3888921244,0.8561486325,1.60995402534,0.75833964258
Monaco,Lyon,-62.48411756,,,,,2.6,3.8,2.97,3,,0.2353327343,0.4274633301,0.3372039355,0.61186510918,1.62436065438,1.001495688435
Nantes,Bordeaux,-11.87355744,,,,,2.07,3.55,4.15,1,,0.2882528927,0.4031032997,0.3086438075,0.596683487889,1.431016713935,1.280871801125
SaintEtienne,Marseille,-60.67326194,,,,,3.35,3.55,2.27,1,,0.2370224437,0.4268743726,0.3361031836,0.794025186395,1.51540402273,0.762954226772
Nice,Brest,136.00801492,,,,,2.5,3.5,3.62,1,,0.561838253,0.1813639653,0.2567977816,1.4045956325,0.63477387855,0.929607969392
Lyon,Lorient,241.80133668,,,,,1.45,5.5,8.2,1,,0.7622147214,0.0483006474,0.1894846311,1.10521134603,0.2656535607,1.55377397502
Angers,Dijon,127.23513498,,,,,,,,1,,0.540938262,0.1990099381,0.2600517998,0,0,0
Metz,Nimes,6.0944756608,,,,,2.82,3.5,2.79,3,,0.31063165,0.3894455275,0.2999228224,0.875981253,1.36305934625,0.836784674496
Strasbourg,Montpellier,-23.95712145,,,,,2.32,4.5,5.3,3,,0.2744042564,0.4106152586,0.3149804849,0.636617874848,1.8477686637,1.66939656997
Rennes,PSG,-178.1193065,,,,,6.55,4.75,1.55,2,,0.1480716303,0.4390994392,0.4128289304,0.969869178465,2.0857223362,0.63988484212
Reims,Monaco,-11.12217536,,,,,9.25,5,1.46,3,,0.2891439762,0.4025943108,0.3082617129,2.67458177985,2.012971554,0.450062100834
Nice,Strasbourg,56.063884902,,,,,3.45,3.6,2.3,3,,0.387581465,0.3317438216,0.2806747133,1.33715605425,1.19427775776,0.64555184059
Monaco,Rennes,30.380616127,,,,,1.81,4,4.7,1,,0.3449824408,0.3653862881,0.289631271,0.624418217848,1.4615451524,1.3612669737
Nimes,Lyon,-222.4304111,,,,,,,,3,,0.1230919808,0.4340079088,0.4429001103,0,0,0
Lorient,Metz,-19.14938813,,,,,1.67,4.2,6.1,1,,0.2798087488,0.4077741776,0.3124170735,0.467280610496,1.71265154592,1.90574414835
Dijon,Nantes,-83.83469991,,,,,8.25,4.95,1.42,3,,0.2163180521,0.4331888148,0.350493133,1.784623929825,2.14428463326,0.49770024886
PSG,Reims,208.87385442,,,,,1.14,11,22,1,,0.713508686,0.072096326,0.2143949879,0.81339990204,0.793059586,4.7166897338
Montpellier,Brest,156.56229489,,,,,2.5,3.9,2.85,2,,0.6097787831,0.1426121337,0.2476090831,1.52444695775,0.55618732143,0.705685886835
Marseille,Angers,105.28213863,,,,,1.48,4.7,7.75,1,,0.4892867378,0.2438074091,0.266905853,0.724144371944,1.14589482277,2.06852036075
Lille,SaintEtienne,134.11192964,,,,,1.4,4.9,9.5,2,,0.5573281177,0.1851399241,0.2575319581,0.78025936478,0.90718562809,2.44655360195
Bordeaux,Lens,-21.20492407,,,,,3.65,3.7,2.25,1,,0.2774815715,0.4090119963,0.3135064321,1.012807735975,1.51334438631,0.705389472225
Rennes,Nimes,120.14478278,,,,,1.25,6.8,12,1,,0.5240698454,0.2134918554,0.2624382991,0.65508730675,1.45174461672,3.1492595892
SaintEtienne,Dijon,180.75472151,,,,,1.3,6.5,10.5,3,,0.6617704425,0.1044424476,0.2337871098,0.86030157525,0.6788759094,2.4547646529
Lyon,Nice,124.06520003,,,,,1.23,8.2,13,3,,0.5333863892,0.2054702859,0.2611433248,0.656065258716,1.68485634438,3.3948632224
Brest,PSG,-239.4161758,,,,,12.8,8,1.24,3,,0.1145570034,0.4309134866,0.4545295099,1.46632964352,3.4473078928,0.563616592276
Angers,Lille,-165.7918936,,,,,10.5,5.3,1.4,3,,0.1557605409,0.4397220836,0.4045173754,1.63548567945,2.33052704308,0.56632432556
Reims,Bordeaux,59.829115911,,,,,2.75,3.12,3,3,,0.3944332407,0.3260545917,0.2795121675,1.084691411925,1.017290326104,0.8385365025
Lens,Monaco,-51.14817607,,,,,5.4,4.55,1.63,2,,0.246127914,0.4234787254,0.3303933605,1.3290907356,1.92682820057,0.538541177615
Nantes,Montpellier,-50.20049066,,,,,1.61,4.6,6.2,3,,0.2470546239,0.4231122937,0.3298330823,0.397757944479,1.94631655102,2.04496511026
Strasbourg,Lorient,86.921143058,,,,,2.95,2.35,4.4,2,,0.4484406553,0.2796637814,0.2718955632,1.322899933135,0.65720988629,1.19634047808
Metz,Marseille,-116.1436351,,,,,4.1,3.98,2,2,,0.1903224026,0.4382715254,0.3714060719,0.78032185066,1.744320671092,0.7428121438
