Lille,Rennes,85.18896556,0.4581605529,0.2612668318,0.2805726152,,2.08,3.45,4.6,2,0.952973950032,0.90137056971,1.29063402992,,100,2
Lorient,Strasbourg,-14.76125802,0.293427176,0.3871223924,0.3194504315,,2.5,3.2,3.25,1,0.73356794,1.23879165568,1.038213902375,,93.6765824333163,1.97163103815497
Bordeaux,Nantes,-9.439117189,0.2988279061,0.3856578684,0.3155142254,,2.75,3.01,3.4,2,0.821776741775,1.160830183884,1.07274836636,,78.7190527584014,1.89607985950516
Monaco,Reims,0.5012386999,0.3096910744,0.3815101341,0.3087987914,,2,3.6,4.5,2,0.6193821488,1.37343648276,1.3895945613,,99.8463817648139,1.99933233151972
Nimes,Brest,76.20283988,0.437416286,0.2804936112,0.2820901027,,2.35,3.4,3.35,1,1.0279282721,0.95367827808,0.945001844045,,99.8463817648139,1.99933233151972
Lyon,Dijon,254.54348366,0.7667861888,0.0560742466,0.1771395645,,1.29,6.5,13.5,1,0.989154183552,0.3644826029,2.39138412075,,96.3845377029736,1.98400736866546
Dijon,Angers,3.8541674399,0.3136027594,0.3796755728,0.3067216677,,,,,3,0,0,0,,96.3845377029736,1.98400736866546
Strasbourg,Nice,20.336127329,0.3348800116,0.3672348011,0.2978851872,,2.26,3.5,3.85,3,0.756828826216,1.28532180385,1.14685797072,,96.3845377029736,1.98400736866546
Nice,Lens,147.43962291,0.6061302126,0.1344716372,0.2593981501,,,,,1,0,0,0,,96.3845377029736,1.98400736866546
SaintEtienne,Lorient,139.29980112,0.5882104855,0.1479843707,0.2638051437,,2.35,3.3,3.4,1,1.382294640925,0.48834842331,0.89693748858,,96.3845377029736,1.98400736866546
Reims,Lille,-12.33727597,0.2958530902,0.3865185296,0.3176283801,,3.15,3.15,2.67,3,0.93193723413,1.21753336824,0.848067774867,,96.3845377029736,1.98400736866546
Rennes,Montpellier,125.45165134,0.5560300492,0.1739044344,0.2700655163,,1.94,3.6,4.8,1,1.078698295448,0.62605596384,1.29631447824,,96.3845377029736,1.98400736866546
Metz,Monaco,12.52830227,0.3243567442,0.3738551098,0.3017881459,,4.1,3.75,2,3,1.32986265122,1.40195666175,0.6035762918,,96.3845377029736,1.98400736866546
Brest,Marseille,-101.8032877,0.2311115414,0.3536191321,0.4152693264,,4.1,3.4,2.2,3,0.94755731974,1.20230504914,0.91359251808,,96.3845377029736,1.98400736866546
Nantes,Nimes,48.258514409,0.3799596434,0.3322400943,0.2878002622,,2.03,3.5,4.7,1,0.771318076102,1.16284033005,1.35266123234,,96.3845377029736,1.98400736866546
Angers,Bordeaux,18.9923945,0.3330089729,0.3684699847,0.2985210423,,2.35,3.15,3.7,3,0.782571086315,1.160680451805,1.10452785651,,96.3845377029736,1.98400736866546
Lens,PSG,-300.2241412,0.1359873865,0.0983120256,0.7657005878,,5.1,4.1,1.75,1,0.69353567115,0.40307930496,1.33997602865,,96.3845377029736,1.98400736866546
Bordeaux,Lyon,-141.1389964,0.2113238056,0.3124690418,0.4762071525,,4.4,3.65,2.05,2,0.92982474464,1.14051200257,0.976224662625,,96.3845377029736,1.98400736866546
Montpellier,Nice,77.236905346,0.4397566779,0.2783270266,0.2819162954,,2.2,3.45,3.75,1,0.96746469138,0.96022824177,1.05718610775,,96.3845377029736,1.98400736866546
SaintEtienne,Strasbourg,107.15564621,0.5114559061,0.2125377383,0.2760063555,,2.15,3.4,3.9,1,1.099630198115,0.72262831022,1.07642478645,,92.8079597005703,1.96758522520369
Lille,Metz,166.41622992,0.6444895184,0.1082382866,0.2472721949,,1.57,4.1,7.85,1,1.011848543888,0.44377697506,1.941086729965,,98.0420997289249,1.99141260379302
Lorient,Lens,48.949841526,0.3812336247,0.3311480226,0.2876183526,,2.4,3.35,3.6,3,0.91496069928,1.10934587571,1.03542606936,,98.0420997289249,1.99141260379302
Angers,Reims,-16.79733573,0.2914317594,0.3875496248,0.3210186157,,2.35,3.05,4.5,1,0.68486463459,1.18202635564,1.44458377065,,87.7061739569646,1.94303016601217
Dijon,Brest,61.09652582,0.4048782922,0.3102933814,0.2848283263,,2.8,3.3,3.05,3,1.13365921816,1.02396815862,0.868726395215,,78.6309455591384,1.89559349821042
Nimes,Rennes,-57.64727829,0.2579919839,0.3824868961,0.3595211199,,3.4,3.3,2.3,3,0.87717274526,1.26220675713,0.82689857577,,73.2373195753973,1.86473244110595
PSG,Marseille,165.45152693,0.6426595895,0.1093972258,0.2479431846,,1.53,5.5,7.75,3,0.983269171935,0.6016847419,1.92155968065,,61.3890070967061,1.78809060917589
Monaco,Nantes,29.692985039,0.3486370142,0.357502609,0.2938603767,,1.91,3.7,4.6,1,0.665896697122,1.3227596533,1.35175773282,,61.3890070967061,1.78809060917589
Montpellier,Lyon,-18.39597258,0.2898913351,0.3878347417,0.3222739231,,3.75,3.7,2.13,1,1.087092506625,1.43498854429,0.686443456203,,50.6419828626935,1.70451070193558
Marseille,SaintEtienne,72.67736239,0.4295385821,0.2877725066,0.2826889112,,1.85,3.6,5.25,3,0.794646376885,1.03598102376,1.4841167838,,50.6419828626935,1.70451070193558
Lyon,Nimes,195.77182099,0.6942550169,0.0807931822,0.2249518008,,1.38,6.5,12.5,2,0.958071923322,0.5251556843,2.81189751,,71.0641393706293,1.85165050083787
PSG,Metz,286.5597247,0.7961751533,0.0508537752,0.1529710714,,1.26,12,27,1,1.003180693158,0.6102453024,4.1302189278,,71.0641393706293,1.85165050083787
Lens,Bordeaux,-34.3608188,0.2756627314,0.3883830475,0.335954221,,2.75,3.17,3.45,1,0.75807251135,1.231174260575,1.15904206245,,71.0641393706293,1.85165050083787
Nice,PSG,-163.8068193,0.2007949694,0.2836561165,0.515548914,,10,5.9,1.4,3,2.007949694,1.67357108735,0.7217684796,,60.0019897692629,1.77816565257502
Rennes,Monaco,135.28304344,0.5790769469,0.1551391545,0.2657838985,,2.42,3.6,3.3,1,1.401366211498,0.5585009562,0.87708686505,,60.0019897692629,1.77816565257502
Montpellier,Angers,126.92676793,0.559543244,0.1709828381,0.2694739178,,2.04,3.55,4.4,1,1.14146821776,0.606989075255,1.18568523832,,81.2157440009072,1.90964022714675
Brest,Lorient,72.001883681,0.4280477999,0.2891468897,0.2828053103,,2.36,3.4,3.25,1,1.010192807764,0.98309942498,0.919117258475,,77.7618118077901,1.89076637086059
Metz,Reims,-47.49392203,0.2653109927,0.385958413,0.3487305942,,,,,1,0,0,0,,74.021100644249,1.86935553847552
Strasbourg,Dijon,145.11415726,0.6010953361,0.1381944985,0.2607101653,,,,,1,0,0,0,,74.021100644249,1.86935553847552
Nantes,SaintEtienne,-19.03299577,0.2892838205,0.387936167,0.3227800124,,,,,2,0,0,0,,74.021100644249,1.86935553847552
Marseille,Lille,4.6484056192,0.3145487569,0.3792076869,0.3062435561,,2.52,3.25,3.3,2,0.792662867388,1.232424982425,1.01060373513,,74.021100644249,1.86935553847552
SaintEtienne,Rennes,6.1912648914,0.3164081533,0.3782618283,0.3053300183,,3.25,3.3,2.5,3,1.028326498225,1.24826403339,0.76332504575,,100.246367606123,2.00106864506083
Marseille,Metz,107.36589629,0.5119734758,0.2120750484,0.2759514757,,1.65,4,6.5,2,0.84475623507,0.8483001936,1.79368459205,,84.002875838617,1.92429415438882
Lille,Nantes,160.73920625,0.6335348908,0.1153212738,0.2511438353,,1.69,4,6.2,1,1.070673965452,0.4612850952,1.55709177886,,84.002875838617,1.92429415438882
Bordeaux,Nice,-22.1750592,0.2863385858,0.3883363503,0.3253250638,,2.18,3.4,3.9,2,0.624218117044,1.32034359102,1.26876774882,,84.002875838617,1.92429415438882
Angers,Brest,95.033298808,0.4817441755,0.2394940466,0.2787617778,,2.25,3.3,3.75,1,1.083924394875,0.79033035378,1.04535666675,,120.752814608807,2.0818972624449
Monaco,Strasbourg,79.804009624,0.4456219727,0.2728921742,0.281485853,,1.75,4,5.3,1,0.779838452225,1.0915686968,1.4918750209,,125.097276797179,2.0972478557779
Dijon,Montpellier,-10.70244047,0.2975210236,0.386051811,0.3164271653,,5.2,3.9,1.8,2,1.54710932272,1.5056020629,0.56956889754,,113.014897033107,2.05313569368568
Nimes,Lens,65.077690507,0.4131336928,0.3028152639,0.2840510432,,3.55,3.5,2.3,2,1.46662460944,1.05985342365,0.65331739936,,113.014897033107,2.05313569368568
Reims,PSG,-209.9403869,0.179822449,0.2180411596,0.6021363913,,14,7.25,1.25,3,2.517514286,1.5807984071,0.752670489125,,96.0684290611809,1.98258068905038
Nice,Nantes,91.831109213,0.4739957182,0.2466234245,0.2793808572,,2.4,3.35,3.45,1,1.13758972368,0.826188472075,0.96386395734,,96.0684290611809,1.98258068905038
Lens,SaintEtienne,-38.11149113,0.2725940004,0.3879409861,0.3394650134,,2.17,3.75,5,1,0.591528980868,1.454778697875,1.697325067,,104.292808932037,2.01825436452623
Lorient,Lyon,-157.1266905,0.2038599237,0.2924671769,0.5036728993,,5,4,1.77,2,1.0192996185,1.1698687076,0.891501031761,,104.292808932037,2.01825436452623
Montpellier,Nimes,176.64343579,0.6631029778,0.0970289809,0.2398680412,,1.72,3.95,5.3,3,1.140537121816,0.383264474555,1.27130061836,,139.33793617931,2.14406937364096
PSG,Angers,276.77156946,0.7877626297,0.0521096757,0.1601276945,,1.12,12,26,1,0.882294145264,0.6253161084,4.163320057,,170.137629047952,2.23080037640255
Brest,Monaco,28.331581437,0.3465541879,0.3590428347,0.2944029773,,3.15,3.9,2.37,1,1.091645691885,1.40026705533,0.697735056201,,170.137629047952,2.23080037640255
Bordeaux,Dijon,122.64713199,0.5493053731,0.1795531126,0.2711415142,,1.7,3.85,5.8,1,0.93381913427,0.69127948351,1.57262078236,,170.137629047952,2.23080037640255
Rennes,Reims,113.63200648,0.5273764819,0.1984403801,0.2741831379,,1.81,3.78,5.7,2,0.954551432239,0.750104636778,1.56284388603,,170.137629047952,2.23080037640255
Lyon,Marseille,11.885466693,0.323526967,0.3743409674,0.3021320655,,1.83,3.94,6,2,0.59205434961,1.474903411556,1.812792393,,170.137629047952,2.23080037640255
Dijon,Rennes,-118.4026856,0.222437763,0.3378027341,0.4397595028,,5.25,3.1,1.7,2,1.16779825575,1.04718847571,0.74759115476,,170.137629047952,2.23080037640255
Nimes,PSG,-258.8139496,0.1566723194,0.1482599169,0.6950677636,,8.75,6.2,1.34,3,1.37088279475,0.91921148478,0.931390803224,,198.225167811402,2.29715879418407
Strasbourg,Lille,-43.68400728,0.2682037899,0.3869107156,0.3448854944,,4,3.32,2.25,3,1.0728151596,1.284543575792,0.7759923624,,198.225167811402,2.29715879418407
Strasbourg,Lyon,-92.21141676,0.2364131316,0.3616108557,0.4019760126,,5,3.8,1.91,3,1.182065658,1.37412125166,0.767774184066,,164.465654837308,2.21607521856584
Marseille,Bordeaux,71.693899726,0.4273701201,0.2897712681,0.2828586117,,2.25,3.35,3.8,1,0.961582770225,0.970733748135,1.07486272446,,164.465654837308,2.21607521856584
Angers,Metz,56.381029716,0.3954183918,0.3187539235,0.2858276846,,,,,2,0,0,0,,157.374080002074,2.19693320426801
Monaco,Montpellier,70.700154807,0.4251923284,0.291776002,0.2830316695,,1.92,3.9,4.3,2,0.816369270528,1.1379264078,1.21703617885,,157.374080002074,2.19693320426801
Nantes,Brest,90.778953941,0.4714642873,0.2489587281,0.2795769845,,2.25,3.6,3.3,1,1.060794646425,0.89625142116,0.92260404885,,203.116624791323,2.30774547121205
Metz,Lorient,69.041614953,0.4215881257,0.2950872425,0.2833246317,,,,,1,0,0,0,,201.467230341044,2.3042044160383
SaintEtienne,Nice,53.539467157,0.3898888066,0.3236326504,0.2864785429,,2.97,3.35,2.77,3,1.157969755602,1.08416937884,0.793545563833,,201.467230341044,2.3042044160383
Rennes,Angers,134.13520871,0.5764344696,0.1572405393,0.266324991,,2.35,3.45,3.87,3,1.35462100356,0.542479860585,1.03067771517,,182.432370790873,2.26110190202152
Lorient,Marseille,-159.4261187,0.2028021447,0.2894619919,0.5077358633,,2.82,3.3,2.87,3,0.571902048054,0.95522457327,1.457201927671,,140.761437404334,2.14848369304226
Lille,Lens,220.83371283,0.7288356391,0.066734036,0.2044303248,,2.05,3.3,4.5,1,1.494113060155,0.2202223188,0.9199364616,,193.086094664025,2.28575099864666
PSG,Dijon,400.90837938,0.8679479966,0.0457098737,0.0863421296,,1.1,13.5,28,1,0.95474279626,0.61708329495,2.4175796288,,274.594834121095,2.43869236271208
Montpellier,Reims,101.79961415,0.4982815249,0.22440195,0.277316525,,,,,3,0,0,0,,274.594834121095,2.43869236271208
Brest,Strasbourg,59.368515995,0.4013710336,0.3134452416,0.2851837247,,2.39,3.6,3.1,3,0.959276770304,1.12840286976,0.88406954657,,274.594834121095,2.43869236271208
Metz,SaintEtienne,-27.5262638,0.2815103546,0.3886445479,0.3298450974,,2.15,3.4,4,1,0.60524726239,1.32139146286,1.3193803896,,245.550886081142,2.39014150564114
Bordeaux,Nimes,37.135584572,0.360531624,0.3483266828,0.2911416931,,,,,1,0,0,0,,200.827104948842,2.30282232767267
Lyon,Monaco,171.64184018,0.6541784239,0.1022696234,0.2435519526,,1.84,4.1,4.4,1,1.203688299976,0.41930545594,1.07162859144,,200.827104948842,2.30282232767267
Rennes,Brest,191.07548339,0.6870238875,0.0842671788,0.2287089336,,1.98,4,4.2,1,1.36030729725,0.3370687152,0.96057752112,,232.424142186756,2.36628123677309
SaintEtienne,Montpellier,80.614846478,0.447490293,0.2711599768,0.2813497301,,2.7,3.45,3.15,3,1.2082237911,0.93550191996,0.886251649815,,302.71559127089,2.48103478973271
Reims,Lorient,131.96346752,0.5713975958,0.1612834583,0.2673189458,,2.2,3.4,3.7,3,1.25707471076,0.54836375822,0.98908009946,,276.598583720863,2.44184995204304
Reims,Strasbourg,60.873752854,0.4044235277,0.3107029856,0.2848734866,,2.8,3.25,2.95,1,1.13238587756,1.0097847032,0.84037678547,,227.26333702466,2.35652937935827
Angers,Nice,0.6052643209,0.3098104778,0.381456602,0.3087329201,,2.48,3.5,3.2,3,0.768329984944,1.335098107,0.98794534432,,212.957437238814,2.32829281179824
Dijon,Lorient,49.930706133,0.3830545477,0.3295804616,0.2873649906,,3.2,3.65,2.39,2,1.22577455264,1.20296868484,0.686802327534,,173.39083614195,2.23902614090172
Nice,Lille,1.8276970915,0.3112229331,0.3808113672,0.3079656996,,4.25,3.68,1.99,2,1.322697465675,1.401385831296,0.612851742204,,234.716293678786,2.3705432387642
Nantes,PSG,-241.5371244,0.1650332243,0.1721184009,0.6628483747,,8,5.5,1.5,3,1.3202657944,0.94665120495,0.99427256205,,234.716293678786,2.3705432387642
Lille,Lyon,40.619803426,0.3664017688,0.3435915168,0.2900067143,,2.92,3.48,2.72,2,1.069893164896,1.195698478464,0.788818262896,,234.716293678786,2.3705432387642
Monaco,Bordeaux,49.003741651,0.3813332799,0.3310624334,0.2876042866,,1.88,4.1,4.6,1,0.716906566212,1.35735597694,1.32297971836,,314.328339703649,2.49738353858062
Nimes,Metz,18.666565091,0.3325591131,0.3687634328,0.298677454,,3.1,3.15,2.75,3,1.03093325061,1.16160481332,0.8213629985,,314.328339703649,2.49738353858062
Bordeaux,Montpellier,20.969284395,0.3357705097,0.3666388011,0.2975906891,,2.72,3.2,3.19,3,0.913295786384,1.17324416352,0.949314298229,,272.593876348896,2.43551609545407
PSG,Rennes,188.13817379,0.6823675049,0.0866000881,0.2310324069,,1.51,4.9,6.75,1,1.030374932399,0.42434043169,1.559468746575,,235.427602782011,2.37185738048334
Strasbourg,Marseille,-116.1006935,0.2236077445,0.3401391064,0.436253149,,2.67,3.15,3.1,3,0.597032677815,1.07143818516,1.3523847619,,235.427602782011,2.37185738048334
Brest,Lille,-83.67771951,0.2413459157,0.3679623236,0.3906917606,,4.6,4,1.78,1,1.11019121222,1.4718492944,0.695431333868,,300.156197358467,2.47734731471105
Lens,Reims,-21.14611458,0.287293809,0.3882234858,0.3244827051,,2.2,3.3,3.65,2,0.6320463798,1.28113750314,1.184361873615,,300.156197358467,2.47734731471105
Nimes,Angers,-13.80193228,0.2943806311,0.3868958858,0.318723483,,2.95,3.3,2.65,3,0.868422861745,1.27675642314,0.84461722995,,418.755419138741,2.62196044031194
Metz,Dijon,136.90343734,0.5827831935,0.1522152494,0.265001557,,2.17,3.3,4,2,1.264639529895,0.50231032302,1.060006228,,347.186586923324,2.54056293845806
Lorient,Nantes,-18.49437848,0.2897972546,0.3878508611,0.3223518842,,,,,3,0,0,0,,281.456790332739,2.44941173076657
Nice,Monaco,125.83812151,0.55695215,0.173135609,0.2699122409,,3.65,3.9,2,3,2.0328753475,0.6752288751,0.5398244818,,281.456790332739,2.44941173076657
Lyon,SaintEtienne,133.6494737,0.5753120821,0.1581372282,0.2665506896,,1.3,6.1,11,1,0.74790570673,0.96463709202,2.9320575856,,281.456790332739,2.44941173076657
Rennes,Bordeaux,122.1944548,0.5482147988,0.1804759405,0.2713092606,,1.97,3.6,4.5,3,1.079983153636,0.6497133858,1.2208916727,,281.456790332739,2.44941173076657
Monaco,PSG,-211.11551,0.1792825618,0.2163141418,0.6044032963,,6,5.3,1.5,1,1.0756953708,1.14646495154,0.90660494445,,331.487455672028,2.52046709824457
Brest,SaintEtienne,10.288979226,0.3214894746,0.3755093516,0.3030011737,,2.3,3.6,3.16,1,0.73942579158,1.35183366576,0.957483708892,,331.487455672028,2.52046709824457
Nantes,Metz,28.777512357,0.3472333121,0.3585430221,0.2942236657,,2.24,3.25,3.6,2,0.777802619104,1.165264821825,1.05920519652,,269.076437497173,2.42987566910159
Dijon,Lens,35.59614104,0.3579998625,0.3503296366,0.2916705008,,4.3,3.8,1.9,3,1.53939940875,1.33125261908,0.55417395152,,348.90356395828,2.54270540567485
Montpellier,Strasbourg,144.76788567,0.600339697,0.1387583395,0.2609019634,,2.25,3.4,4.4,1,1.35076431825,0.4717783543,1.14796863896,,348.90356395828,2.54270540567485
Angers,Lyon,-103.5831802,0.2301530759,0.3520408647,0.4178060593,,4.5,3.9,1.83,3,1.03568884155,1.37295937233,0.764585088519,,455.068943227972,2.65807719752583
Reims,Nimes,75.992516209,0.436941874,0.2809326034,0.2821255225,,1.84,3.75,4.4,3,0.80397304816,1.05349726275,1.241352299,,455.068943227972,2.65807719752583
Lille,Lorient,239.91175876,0.7513384211,0.0598380103,0.1888235685,,1.62,4,6.25,1,1.217168242182,0.2393520412,1.180147303125,,422.547292761358,2.62587532354809
Lens,Nantes,15.622111133,0.3284269435,0.3713918485,0.3001812079,,2.2,3.28,3.63,2,0.7225392757,1.21816526308,1.089657784677,,422.547292761358,2.62587532354809
Marseille,Nantes,95.520788046,0.4829289922,0.2384067242,0.2786642835,,2.14,3.4,4.1,1,1.033468043308,0.81058286228,1.14252356235,,568.700286742102,2.75488344722611
Strasbourg,Rennes,-68.62984536,0.2506372109,0.3772966373,0.3720661517,,3.25,3.2,2.32,2,0.814570935425,1.20734923936,0.863193471944,,551.779736768272,2.74176574766308
Lyon,Reims,124.57940373,0.5539447022,0.1756483139,0.2704069838,,1.4,5.2,8.15,1,0.77552258308,0.91337123228,2.20381691797,,725.645720659769,2.8607246384466
PSG,Bordeaux,273.76206408,0.7850804445,0.0525483558,0.1623711996,,1.18,8.25,15,2,0.92639492451,0.43352393535,2.435567994,,725.645720659769,2.8607246384466
Lorient,Montpellier,-50.97691024,0.2627387459,0.3849176452,0.3523436088,,3.9,3.6,1.95,3,1.02468110901,1.38570352272,0.68707003716,,725.645720659769,2.8607246384466
Monaco,Nimes,100.31322851,0.4946344808,0.2277131929,0.2776523262,,1.36,5.75,9,1,0.672702893888,1.309350859175,2.4988709358,,725.645720659769,2.8607246384466
Metz,Brest,89.580986284,0.4685918048,0.2516117301,0.279796465,,2.4,3.3,3.1,3,1.12462033152,0.83031870933,0.8673690415,,725.645720659769,2.8607246384466
Lens,Angers,-4.600534881,0.3039835774,0.3838749615,0.312141461,,2.2,3.25,3.55,3,0.66876387028,1.247593624875,1.10810218655,,688.29793400883,2.83777646597984
Nice,Dijon,202.62252344,0.7043521812,0.0762493687,0.21939845,,1.81,4,4.55,3,1.274877447972,0.3049974748,0.9982629475,,576.456484206457,2.76076652866054
SaintEtienne,Lille,-24.05928734,0.2846121803,0.3884977703,0.3268900493,,4.3,3.45,2.05,2,1.22383237529,1.340317307535,0.670124601065,,421.548796435481,2.62484785368455
Nimes,Marseille,-162.8923301,0.2012131833,0.2848765935,0.5139102231,,5.3,3.9,1.68,3,1.06642987149,1.11101871465,0.863369174808,,614.890983108979,2.78879812450549
Rennes,Lens,152.71309384,0.6172844729,0.1264426655,0.2562728615,,2.12,3.45,3.7,3,1.308643082548,0.436227195975,0.94820958755,,556.730374645921,2.74564491662084
Montpellier,PSG,-143.3183488,0.2102929311,0.3098404428,0.479866626,,4.8,4.2,1.72,3,1.00940606928,1.30132985976,0.82537059672,,426.231718808051,2.629645765394
Bordeaux,Brest,79.911524237,0.445869283,0.2726629009,0.281467816,,2.21,3.45,3.3,1,0.98537111543,0.940687008105,0.9288437928,,363.438753068847,2.56043123377727
Angers,Lorient,94.949335715,0.4815402361,0.2396812862,0.2787784776,,1.8,3.64,4.6,1,0.86677242498,0.872439881768,1.28238099696,,353.152246674242,2.54796197347866
Lille,Monaco,192.4998501,0.6892444683,0.0831809966,0.227574535,,2.6,3.45,2.8,1,1.79203561758,0.28697443827,0.637208698,,331.020596496078,2.51985501693676
Nantes,Strasbourg,65.291067787,0.4135829211,0.3024062319,0.2840108469,,2.22,3.35,3.25,3,0.918154084842,1.013060876865,0.923035252425,,331.020596496078,2.51985501693676
Dijon,SaintEtienne,-34.71010887,0.2753729013,0.3883506343,0.3362764643,,3.7,3.55,2.05,2,1.01887973481,1.378644751765,0.689366751815,,310.295156146089,2.49177499609514
SaintEtienne,Angers,30.049617664,0.3491873122,0.3570920848,0.2937206029,,2.36,3.4,3.1,2,0.824082056792,1.21411308832,0.91053386899,,464.816601980907,2.66728163147335
Reims,Nice,-18.06830082,0.2902052207,0.3877798751,0.3220149041,,2.42,3.4,3.05,2,0.702296634094,1.31845157534,0.982145457505,,628.423227551983,2.79825222890012
Metz,Lyon,-144.1380853,0.2099064265,0.3088433451,0.4812502283,,7,4.75,1.45,3,1.4693449855,1.467005889225,0.697812831035,,902.950080617538,2.95566374110906
Marseille,Monaco,123.4753439,0.5512971007,0.1778725382,0.270830361,,3.31,3.5,2.19,1,1.824793403317,0.6225538837,0.59311849059,,902.950080617538,2.95566374110906
Nice,Rennes,-18.2594903,0.2900219598,0.3878121116,0.3221659285,,3.15,3.12,2.35,3,0.91356917337,1.209973788192,0.757089931975,,902.950080617538,2.95566374110906
Lens,Montpellier,-16.78417507,0.2914445359,0.3875470949,0.3210083691,,2.5,3.16,2.9,3,0.72861133975,1.224648819884,0.93092427039,,767.266827667087,2.88494642213849
Brest,Reims,4.8185267415,0.3147523674,0.3791057922,0.3061418403,,2.48,3.25,3,1,0.780585871152,1.23209382465,0.9184255209,,648.239718337409,2.81173563719652
Nantes,Dijon,118.56933106,0.5394361597,0.1879695673,0.2725942729,,1.71,3.75,5,2,0.922435833087,0.704885877375,1.3629713645,,546.239528002296,2.7373831241672
Strasbourg,Metz,22.350536074,0.3377330959,0.3653073647,0.2969595393,,1.9,3.45,4.3,2,0.64169288221,1.260310408215,1.27692601899,,503.380031637033,2.70189598371562
Lorient,Nimes,-19.843217,0.2885162521,0.3880552195,0.3234285283,,1.95,3.55,3.9,1,0.562606691595,1.377596029225,1.26137126037,,703.460437684978,2.8472396779211
Lille,Bordeaux,162.54328987,0.6370647355,0.1130012638,0.2499340006,,1.61,3.7,6.3,1,1.025674224155,0.41810467606,1.57458420378,,703.460437684978,2.8472396779211
PSG,Lyon,132.16924807,0.5718768891,0.1608966709,0.2672264399,,1.56,5,5.5,3,0.892127946996,0.8044833545,1.46974541945,,703.460437684978,2.8472396779211
Montpellier,Metz,111.98256905,0.5233288481,0.2019967085,0.2746744433,,1.65,3.95,5.6,3,0.863492599365,0.797886998575,1.53817688248,,998.521524049968,2.99935743092468
Reims,Nantes,40.13429993,0.3655720888,0.3442680863,0.2901598248,,2.37,3.25,3.1,1,0.866405850456,1.118871280475,0.89949545688,,1477.93292216958,3.16965472350895
Angers,Strasbourg,58.321295735,0.399268327,0.3153266444,0.2854050285,,2.37,3.4,3.05,3,0.94626593499,1.07211059096,0.870485336925,,1311.86969766995,3.11789070059358
Nimes,Nice,-69.156759,0.2502974446,0.3770120634,0.3726904919,,4.1,3.8,1.88,3,1.02621952286,1.43264584092,0.700658124772,,1196.59279807283,3.07794638462784
PSG,Lorient,344.68623605,0.837904246,0.0468887716,0.1152069823,,1.15,8.5,17,1,0.9635898829,0.3985545586,1.9585186991,,1196.59279807283,3.07794638462784
Dijon,Lille,-111.9677969,0.2257332161,0.3442207352,0.4300460486,,7,4.5,1.45,3,1.5801325127,1.5489933084,0.62356677047,,1196.59279807283,3.07794638462784
Bordeaux,SaintEtienne,17.931577105,0.3315497941,0.3694167224,0.2990334834,,2.3,3.25,3.25,3,0.76256452643,1.2006043478,0.97185882105,,1196.59279807283,3.07794638462784
Rennes,Marseille,-60.85540115,0.2557873457,0.3811199201,0.3630927341,,2.3,3.2,3.47,1,0.58831089511,1.21958374432,1.259931787327,,1022.10292751101,3.00949463219719
Lyon,Brest,241.03373424,0.7525747043,0.0595086373,0.1879166583,,1.29,6.1,10,2,0.970821368547,0.36300268753,1.879166583,,870.466678073068,2.93975215074803
Monaco,Lens,118.58127985,0.5394652153,0.1879445792,0.2725902054,,1.58,4.4,5.5,3,0.852355040174,0.82695614848,1.4992461297,,870.466678073068,2.93975215074803
Marseille,Reims,90.745918297,0.4713849322,0.2490319777,0.27958309,,1.85,3.4,4.7,2,0.87206212457,0.84670872418,1.314040523,,1258.01478099631,3.09968574386555
Metz,Lens,8.5914219354,0.3193588606,0.3766923518,0.3039487875,,3.35,3.2,2.34,1,1.06985218301,1.20541552576,0.71124016275,,1171.87929715393,3.06888288192136
Nice,Lyon,-102.8290497,0.2305582619,0.3527131315,0.4167286065,,6.2,4.6,1.52,3,1.42946122378,1.6224804049,0.63342748188,,997.651877809833,2.9989790243325
SaintEtienne,Nimes,95.529035152,0.4829490472,0.2383883266,0.2786626261,,1.5,4.6,6.75,2,0.7244235708,1.09658630236,1.880972726175,,997.651877809833,2.9989790243325
Dijon,Monaco,-9.709357326,0.298547014,0.3857445948,0.3157083911,,6.6,4.85,1.48,3,1.9704102924,1.87086128478,0.467248418828,,997.651877809833,2.9989790243325
Nantes,Angers,-18.92069802,0.2893906578,0.3879187885,0.3226905536,,2.5,3.25,3.1,2,0.7234766445,1.260736062625,1.00034071616,,997.651877809833,2.9989790243325
Brest,Montpellier,12.06518652,0.3237584056,0.374206028,0.3020355663,,2.7,3.4,2.75,2,0.87414769512,1.2723004952,0.830597807325,,1370.42445398613,3.13685509961922
Strasbourg,Bordeaux,7.247223106,0.3176975211,0.3775861212,0.3047163576,,2.15,3.3,3.6,3,0.683049670365,1.24603419996,1.09697888736,,1922.88214385508,3.28395266653596
Bordeaux,Reims,-11.15088928,0.2970609033,0.3861846498,0.3167544468,,2.32,3.25,3.5,3,0.689181295656,1.25510011185,1.1086405638,,1612.78453332839,3.20757634988303
Lille,PSG,-79.85622274,0.2436290653,0.3705643319,0.3858066027,,3.6,3.5,2.19,2,0.87706463508,1.29697516165,0.844916459913,,1347.1368780168,3.12941172515674
Lorient,Rennes,-131.560459,0.2159185641,0.323622261,0.4604591748,,4.2,3.6,1.9,3,0.90685796922,1.1650401396,0.87487243212,,1909.15301212834,3.28084073701597
Lens,Brest,64.125425427,0.4111371705,0.3046306932,0.2842321362,,2.1,3.7,3.6,1,0.86338805805,1.12713356484,1.02323569032,,1683.81995337081,3.22629565163044
Rennes,Metz,92.80350337,0.4763419397,0.2444615007,0.2791965595,,1.6,3.9,6.8,1,0.76214710352,0.95339985273,1.8985366046,,1511.82001244009,3.17950008993704
Nimes,Dijon,73.516871158,0.4313998536,0.2860550233,0.282545123,,2.55,3.4,2.9,3,1.10006962668,0.97258707922,0.8193808567,,1511.82001244009,3.17950008993704
Nice,Lorient,132.24292891,0.5720484012,0.1607583664,0.2671932323,,1.98,3.65,4.35,2,1.132655834376,0.58676803736,1.162290560505,,1446.33177926635,3.16026792876534
Montpellier,Lille,9.8592959266,0.3209467086,0.3758145493,0.303238742,,3.95,3.4,2.1,3,1.26773949897,1.27776946762,0.6368013582,,1393.43718675372,3.14408739639981
PSG,Strasbourg,284.14625709,0.7941438037,0.0511408089,0.1547153873,,1.36,5.6,9,1,1.080035573032,0.28638852984,1.3924384857,,1156.77903097566,3.06325040753163
Lyon,Nantes,176.40702053,0.6626887085,0.0972666479,0.2400446435,,,,,1,0,0,0,,1156.77903097566,3.06325040753163
Angers,Marseille,-123.6002129,0.2198300749,0.3323662636,0.4478036614,,3.3,3.15,2.59,1,0.72543924717,1.04695373034,1.159811483026,,1156.77903097566,3.06325040753163
Monaco,SaintEtienne,61.643288163,0.4059977014,0.3092840166,0.2847182819,,1.65,4.35,5.8,2,0.66989620731,1.34538547221,1.65136603502,,1066.12828832114,3.02780946693982
Brest,Nice,-15.00553256,0.2931857674,0.3871774759,0.3196367566,,2.43,3.65,3.1,1,0.712441414782,1.413197787035,0.99087394546,,1066.12828832114,3.02780946693982
Nantes,Rennes,-90.4145668,0.2374338097,0.3630089747,0.3995572155,,4.05,3.55,2.05,2,0.961606929285,1.288681860185,0.819092291775,,1066.12828832114,3.02780946693982
Metz,Bordeaux,-22.6586169,0.2858927356,0.388383337,0.3257239273,,2.8,3.15,2.95,2,0.80049965968,1.22340751155,0.960885585535,,1507.1272276647,3.17814991584512
Strasbourg,Nimes,45.120281202,0.3742745842,0.3370634042,0.2886620115,,1.5,4.8,8.2,1,0.5614118763,1.61790434016,2.3670284943,,2007.20259408707,3.30259120958444
Lyon,Lens,192.49101811,0.6892307736,0.0831876429,0.2275815834,,1.53,4.8,6.5,1,1.054523083608,0.39930068592,1.4792802921,,2007.20259408707,3.30259120958444
Lorient,Monaco,-24.73280958,0.2840021096,0.3885414096,0.3274564807,,4.5,4,1.85,3,1.2780094932,1.5541656384,0.605794489295,,2007.20259408707,3.30259120958444
Lille,Angers,160.17613884,0.6324239269,0.1160587249,0.2515173481,,1.88,3.48,5.3,3,1.188956982572,0.403884362652,1.33304194493,,2007.20259408707,3.30259120958444
SaintEtienne,PSG,-209.3288666,0.1801031497,0.2189397444,0.6009571058,,11.5,6.35,1.3,2,2.07118622155,1.39026737694,0.78124423754,,2578.38612750089,3.41134795587458
Reims,Dijon,130.44486627,0.567847867,0.164161365,0.2679907679,,1.93,3.55,4.7,2,1.09594638331,0.58277284575,1.25955660913,,2578.38612750089,3.41134795587458
Marseille,Montpellier,75.368751152,0.4355381428,0.2822311154,0.2822307417,,2.27,3.3,3.75,1,0.988671584156,0.93136268082,1.058365281375,,2427.64494861951,3.38518516999354
Montpellier,Nantes,109.86379622,0.5181207417,0.2066012686,0.2752779896,,2.32,3.5,3.7,2,1.202040120744,0.7231044401,1.01852856152,,2366.78989359911,3.37415970613332
PSG,Brest,348.87572137,0.8404505798,0.0467458415,0.1128035786,,1.19,8.65,16,1,1.000136189962,0.404351528975,1.8048572576,,2087.29342791255,3.31958350568529
Bordeaux,Lorient,77.64127864,0.4406754285,0.2774761292,0.2818484422,,2.27,3.45,3.8,1,1.000333222695,0.95729264574,1.07102408036,,2087.29342791255,3.31958350568529
Rennes,Lyon,-55.34624747,0.2596038786,0.3833890689,0.3570070524,,3.95,3.7,2,2,1.02543532047,1.41853955493,0.7140141048,,2012.59572698228,3.30375654628783
Monaco,Angers,29.252213126,0.3479595773,0.358005942,0.2940344806,,1.75,3.9,5.75,1,0.608929260275,1.3962231738,1.69069826345,,2012.59572698228,3.30375654628783
Reims,SaintEtienne,23.138745103,0.3388653966,0.364528311,0.2966062923,,2.82,3.15,2.9,1,0.955600418412,1.14826417965,0.86015824767,,2012.59572698228,3.30375654628783
Dijon,Marseille,-176.3424326,0.1950926591,0.2665173098,0.538390031,,5,3.73,1.92,2,0.9754632955,0.994109565554,1.03370885952,,1756.31071579964,3.24460135110308
Nimes,Lille,-138.517432,0.212570572,0.315587292,0.4718421359,,7.75,4.45,1.52,3,1.647421933,1.4043634494,0.717200046568,,2023.35219564029,3.30607148500023
Metz,Nice,-45.63477482,0.2667119955,0.3864477582,0.3468402462,,2.92,3.2,2.8,2,0.77879902686,1.23663282624,0.97115268936,,2023.35219564029,3.30607148500023
Montpellier,Monaco,93.532153629,0.4781040211,0.2428395627,0.2790564161,,4.15,4,1.85,3,1.984131687565,0.9713582508,0.516254369785,,2717.55672314067,3.43417861781441
Lens,Strasbourg,22.268121487,0.3376152236,0.365388012,0.2969967643,,2.45,3.4,3.2,3,0.82715729782,1.2423192408,0.95038964576,,2717.55672314067,3.43417861781441
Marseille,Nimes,157.91418791,0.6279165748,0.1190857809,0.2529976442,,1.41,4.9,8.5,3,0.885362370468,0.58352032641,2.1504799757,,2290.1499255549,3.3598639145276
Angers,PSG,-226.7203738,0.1720444073,0.1934411759,0.6345144167,,9,5.4,1.36,3,1.5483996657,1.04458234986,0.862939606712,,2290.1499255549,3.3598639145276
Brest,Rennes,-46.24008707,0.2662536569,0.3862935564,0.3474527866,,3.35,3.6,2.2,3,0.891949750615,1.39065680304,0.76439613052,,2290.1499255549,3.3598639145276
Nice,Bordeaux,24.57134158,0.3409466141,0.3630763422,0.2959770436,,,,,3,0,0,0,,2290.1499255549,3.3598639145276
Strasbourg,SaintEtienne,13.755475237,0.3259559112,0.3729028911,0.3011411976,,2.2,3.25,3.7,1,0.71710300464,1.211934396075,1.11422243112,,2290.1499255549,3.3598639145276
Lille,Reims,144.46267553,0.5996724039,0.1392573521,0.2610702439,,1.67,3.8,6,1,1.001452914513,0.52917793798,1.5664214634,,1946.41694361645,3.28923587648539
Nantes,Lens,46.121134692,0.3760702195,0.3355491368,0.2883806436,,3.7,3.25,2.35,2,1.39145981215,1.0905346946,0.67769451246,,1946.41694361645,3.28923587648539
Marseille,Lens,131.05987482,0.5692881097,0.1629908979,0.2677209923,,2.2,3.6,3.95,3,1.25243384134,0.58676723244,1.057497919585,,1726.62046826177,3.23719688495951
Lyon,Metz,165.00182083,0.6418021341,0.1099436658,0.2482542,,1.3,6,11,3,0.83434277433,0.6596619948,2.7307962,,1425.19805917082,3.15387522225884
PSG,Montpellier,250.64023936,0.7628035691,0.056972641,0.1802237898,,1.22,8.75,18.5,1,0.930620354302,0.49851060875,3.3341401113,,1425.19805917082,3.15387522225884
Monaco,Marseille,-42.77523166,0.2689065421,0.3871085034,0.3439849544,,2,4,4.8,1,0.5378130842,1.5484340136,1.65112778112,,1425.19805917082,3.15387522225884
Bordeaux,Angers,-26.45230524,0.282461063,0.3886196407,0.3289192962,,2.58,3.25,3.2,1,0.72874954254,1.263013832275,1.05254174784,,1425.19805917082,3.15387522225884
Lens,Nice,-53.26980129,0.2610812837,0.3841459758,0.3547727404,,2.22,3.55,3.95,3,0.579600449814,1.36371821409,1.40135232458,,1188.36669192932,3.07495047070313
Reims,Brest,126.7423947,0.5591050897,0.1713460753,0.2695488349,,2.55,3.4,3,1,1.425717978735,0.58257665602,0.8086465047,,963.87218051996,2.98401944575409
Dijon,Strasbourg,-33.86023161,0.276079584,0.3884263284,0.3354940875,,4,3.5,2.15,2,1.104318336,1.3594921494,0.721312288125,,1326.55695503762,3.12272590092789
Metz,Nantes,21.54573711,0.3365862409,0.3660883562,0.2973254028,,2.6,3.25,3.2,1,0.87512422634,1.18978715765,0.95144128896,,1959.71744084472,3.29219345771964
Rennes,Lille,9.3869992299,0.3203528342,0.3761455044,0.3035016613,,3.1,3.15,2.77,3,0.99309378602,1.18485833886,0.840699601801,,1682.13696828643,3.22586135540313
Lorient,Dijon,33.66436414,0.3548759683,0.3527655617,0.2923584699,,2.25,3.5,3.45,1,0.798470928675,1.23467946595,1.008636721155,,1443.54311029696,3.15942975827875
SaintEtienne,Lyon,-105.7871611,0.2289764028,0.350046343,0.4209772541,,7.2,4.6,1.62,3,1.64863010016,1.6102131778,0.681983151642,,1225.49019021054,3.08830983916665
Lyon,Bordeaux,122.22366183,0.548285204,0.180416309,0.2712984869,,1.4,5.35,8.35,1,0.7675992856,0.96522725315,2.265342365615,,1225.49019021054,3.08830983916665
Nice,SaintEtienne,41.035135713,0.3671145558,0.3430084395,0.2898770046,,2.44,3.5,3.15,3,0.895759516152,1.20052953825,0.91311256449,,1225.49019021054,3.08830983916665
Montpellier,Lens,89.663769856,0.4687899547,0.2514286237,0.2797814215,,3.2,3.3,2.45,3,1.50012785504,0.82971445821,0.685464482675,,1056.42603919104,3.02383909732248
Brest,Metz,24.688360927,0.3411179473,0.3629556824,0.2959263702,,1.95,3.55,4.35,3,0.665179997235,1.28849267252,1.28727971037,,849.909094277153,2.92937247634359
Strasbourg,Reims,4.116465548,0.3139143422,0.3795224763,0.3065631814,,2.15,3.25,4,3,0.67491583573,1.233448047975,1.2262527256,,706.405729325581,2.84905421294266
Angers,Nimes,57.571137171,0.3977727431,0.3166608103,0.2855664465,,1.7,4.1,5.8,1,0.67621366327,1.29830932223,1.6562853897,,594.922533987608,2.77446041908656
Lorient,PSG,-306.395501,0.1328667047,0.0919490877,0.7751842075,,16.2,9.5,1.19,1,2.15244061614,0.87351633315,0.922469206925,,594.922533987608,2.77446041908656
Lille,Dijon,275.66851059,0.7867849258,0.0522673818,0.1609476923,,1.37,5.25,11,1,1.077895348346,0.27440375445,1.7704246153,,594.922533987608,2.77446041908656
Nantes,Monaco,8.4894059805,0.3192319824,0.3767615101,0.3040065074,,5.05,3.95,1.76,3,1.61212151112,1.488207964895,0.535051453024,,594.922533987608,2.77446041908656
Bordeaux,Lille,-96.60071827,0.2339574088,0.3580628496,0.4079797415,,4.1,3.25,2.15,3,0.95922537608,1.1637042612,0.877156444225,,594.922533987608,2.77446041908656
Rennes,Lorient,189.45220979,0.6844635411,0.0855407171,0.2299957417,,1.65,4.1,5.9,2,1.129364842815,0.35071694011,1.35697487603,,520.894645018003,2.71674989275409
Metz,Montpellier,-7.316949199,0.3010593579,0.3849299007,0.3140107413,,2.75,3.15,3.07,2,0.827913234225,1.212529187205,0.964012975791,,489.035652598764,2.68934052203258
Reims,Angers,30.019999623,0.3491415361,0.35712629,0.2937321738,,2.67,3.11,3.1,2,0.932207901387,1.1106627619,0.91056973878,,648.398457170117,2.81184197279692
Strasbourg,Brest,104.68065221,0.5053641226,0.2180036483,0.276632229,,2.2,3.25,3.5,2,1.11180106972,0.708511856975,0.9682128015,,801.915316272707,2.90412850841222
PSG,Nimes,315.38164097,0.8184683016,0.0483183447,0.1332133536,,1.15,11,23,1,0.94123854684,0.5315017917,3.0639071328,,757.083809807473,2.87914395892172
Dijon,Lyon,-214.9207213,0.1775297661,0.2107216338,0.6117486,,9.5,6.3,1.37,3,1.68653277795,1.32754629294,0.838095582,,757.083809807473,2.87914395892172
SaintEtienne,Nantes,81.844375272,0.4503371413,0.2685201475,0.2811427111,,2.08,3.45,4,2,0.936701253904,0.926394508875,1.1245708444,,757.083809807473,2.87914395892172
Monaco,Nice,38.834713983,0.3633699192,0.346052444,0.2905776367,,1.5,4.8,6.75,1,0.5450548788,1.6610517312,1.961399047725,,739.943442025915,2.86919852546778
Lens,Marseille,-129.3871214,0.2169773605,0.3260583889,0.4569642505,,2.42,3.3,3.4,2,0.52508521241,1.07599268337,1.5536784517,,739.943442025915,2.86919852546778
Lorient,Reims,-60.38587158,0.2561069841,0.3813278291,0.3625651867,,3.05,3.25,2.67,1,0.781126301505,1.239315444575,0.968049048489,,597.086036429478,2.77603691480507
Lyon,Strasbourg,171.80674964,0.6544780822,0.1020896006,0.2434323171,,1.4,5.55,9,1,0.91626931508,0.56659728333,2.1908908539,,504.804643735525,2.70312334136175
Lens,Rennes,-120.2682152,0.2214965286,0.3358769198,0.4426265515,,2.85,3.25,2.82,2,0.63126510651,1.09159998935,1.24820687523,,504.804643735525,2.70312334136175
Brest,Bordeaux,6.6644188189,0.3169841953,0.3779619185,0.3050538861,,2.8,3.45,2.83,1,0.88755574684,1.303968618825,0.863302497663,,613.765173215289,2.78800224168861
Montpellier,Dijon,157.78476109,0.6276565213,0.1192621285,0.2530813501,,1.75,3.95,5.1,1,1.098398912275,0.471085407575,1.29071488551,,504.976305859302,2.70327100093852
Nice,Angers,1.0988759951,0.3103787479,0.3811996512,0.3084216008,,3,3.25,2.7,1,0.9311362437,1.2388988664,0.83273832216,,474.889105299113,2.67659220629975
SaintEtienne,Metz,21.074289343,0.3359187463,0.3665390895,0.2975421641,,2.4,3.25,3.3,1,0.80620499112,1.191252040875,0.98188914153,,399.063873436798,2.60104241363418
Nimes,Monaco,-60.3013207,0.256164652,0.3813649845,0.3624703634,,7.3,4.9,1.48,3,1.8700019596,1.86868842405,0.536456137832,,342.311217091926,2.53442113063454
Nantes,Lille,-120.1980494,0.2215318209,0.3359498735,0.4425183055,,5.1,3.62,1.86,3,1.12981228659,1.21613854207,0.82308404823,,342.311217091926,2.53442113063454
Marseille,PSG,-159.9509617,0.2025611382,0.2887718974,0.5086669643,,7.3,5.3,1.45,3,1.47869630886,1.53049105622,0.737567098235,,295.994209677696,2.47128321535076
PSG,Nice,235.16723511,0.7460089918,0.061315739,0.1926752691,,1.34,6.75,11.5,1,0.999652049012,0.41388123825,2.21576559465,,295.994209677696,2.47128321535076
Lyon,Montpellier,148.53541497,0.608478385,0.1327559692,0.2587656457,,1.43,5.15,7.5,3,0.87012409055,0.68369324138,1.94074234275,,295.994209677696,2.47128321535076
Monaco,Lorient,182.4114902,0.6729820224,0.0915267479,0.2354912296,,1.43,5.25,8.1,2,0.962364292032,0.480515426475,1.90747895976,,295.994209677696,2.47128321535076
Reims,Lens,57.508388702,0.3976480467,0.3167718924,0.2855800608,,3.25,3.1,2.66,2,1.292356151775,0.98199286644,0.759642961728,,295.994209677696,2.47128321535076
Rennes,SaintEtienne,92.268277277,0.4750497594,0.2456518653,0.2792983752,,1.96,3.55,4.5,3,0.931097528424,0.872064121815,1.2568426884,,267.708257489184,2.42766176725222
Angers,Nantes,62.501113162,0.4077632523,0.3076889021,0.2845478455,,2.21,3.1,4.1,3,0.901156787583,0.95383559651,1.16664616655,,321.160741896859,2.50672245248592
Dijon,Nimes,-5.423399834,0.3030895657,0.3842092794,0.3127011548,,,,,3,0,0,0,,352.824755707267,2.54755904950365
Metz,Strasbourg,27.219913033,0.3448743044,0.3602689587,0.2948567368,,3.1,3,2.75,3,1.06911034364,1.0808068761,0.8108560262,,352.824755707267,2.54755904950365
Lille,Brest,267.74916829,0.7795793649,0.0535086914,0.1669119436,,1.63,4.3,6.75,2,1.270714364787,0.23008737302,1.1266556193,,317.251034201427,2.50140304651849
Bordeaux,Marseille,-98.54310862,0.2328869544,0.3564336321,0.4106794134,,2.67,3.25,3.1,2,0.621808168248,1.158409304325,1.27310618154,,317.251034201427,2.50140304651849
Marseille,Nice,39.552386839,0.3645826649,0.3450718694,0.2903454656,,2.52,3.5,3.55,1,0.918748315548,1.2077515429,1.03072640288,,404.588220450573,2.60701323417431
Brest,Lyon,-134.6871094,0.2144064254,0.32005511,0.4655384645,,6.25,4.9,1.53,3,1.34004015875,1.568270039,0.712273850685,,347.636067342651,2.54112482829244
Montpellier,Rennes,-38.9841449,0.2718934599,0.3878087541,0.3402977859,,,,,1,0,0,0,,347.636067342651,2.54112482829244
SaintEtienne,Reims,37.87347859,0.3617585538,0.3473472125,0.2908942336,,,,,2,0,0,0,,347.636067342651,2.54112482829244
Nantes,Marseille,-111.4717558,0.2259905681,0.3447007181,0.4293087137,,,,,2,0,0,0,,432.133373856138,2.63561780836597
Nice,Metz,14.571728511,0.3270306926,0.3722514675,0.3007178398,,,,,3,0,0,0,,379.63646828766,2.57936792455442
Lens,Dijon,94.654059327,0.4808233411,0.2403396639,0.2788369949,,,,,1,0,0,0,,320.795287853257,2.50622798032797
Strasbourg,Angers,1.1283470198,0.3104127649,0.3811841564,0.3084030786,,,,,2,0,0,0,,320.795287853257,2.50622798032797
Nimes,Bordeaux,-71.3730348,0.2488805467,0.3757805858,0.3753388674,,,,,1,0,0,0,,429.322597311097,2.63278374808632
Lorient,Lille,-143.2272247,0.2103359373,0.3099510018,0.4797130608,,,,,3,0,0,0,,356.934531779425,2.55258856598813
PSG,Monaco,262.06798158,0.7741998511,0.0545294265,0.1712707223,,,,,3,0,0,0,,319.339816085109,2.50425307083512
Nimes,Lorient,33.353146818,0.3543781884,0.3531499315,0.29247188,,,,,1,0,0,0,,212.806761869484,2.327985423416
Bordeaux,Metz,-17.23560021,0.2910071803,0.3876321634,0.3213606562,,,,,3,0,0,0,,178.954233687574,2.25274197735805
Dijon,PSG,-307.8711108,0.1321206175,0.0904725163,0.7774068661,,,,,3,0,0,0,,151.404668548523,2.18013926679947
Monaco,Brest,173.96416422,0.6583642564,0.0997803183,0.2418554252,,,,,1,0,0,0,,151.404668548523,2.18013926679947
Lorient,SaintEtienne,-39.56590801,0.2714291839,0.3877145273,0.3408562887,,,,,1,0,0,0,,151.404668548523,2.18013926679947
Rennes,Nice,54.086324383,0.3909428679,0.3227069368,0.2863501952,,,,,3,0,0,0,,126.083358916202,2.10065777009583
Reims,Montpellier,17.777378476,0.3313389962,0.3695522618,0.2991087419,,,,,2,0,0,0,,172.950538266786,2.23792191798918
Nimes,Nantes,-19.14303652,0.2891792374,0.3879529885,0.322867774,,,,,2,0,0,0,,226.226275913927,2.35454304630864
Angers,Lens,28.038958743,0.3461101825,0.3593683338,0.2945214836,,,,,2,0,0,0,,324.152490451505,2.51074936262006
Lille,Strasbourg,182.09318874,0.6724481596,0.0918158797,0.2357359606,,,,,2,0,0,0,,401.678095983511,2.60387814974795
Marseille,Lyon,-94.67384332,0.2350290429,0.3596433913,0.4053275657,,,,,2,0,0,0,,401.678095983511,2.60387814974795
SaintEtienne,Lens,62.039012731,0.4068107642,0.3085499086,0.2846393271,,,,,3,0,0,0,,401.678095983511,2.60387814974795
Lyon,Rennes,60.333502528,0.4033238753,0.3116923233,0.2849838013,,,,,1,0,0,0,,364.855408637851,2.56212078864313
Nice,Nimes,55.643977022,0.3939716482,0.3200355998,0.2859927519,,,,,1,0,0,0,,364.855408637851,2.56212078864313
Brest,Dijon,148.1320469,0.6076158385,0.1333846358,0.2589995256,,,,,1,0,0,0,,335.216926863256,2.52532594032131
Metz,Angers,-12.89568523,0.2952892953,0.3866669173,0.3180437873,,,,,3,0,0,0,,314.261319439934,2.49729092957762
Montpellier,Lorient,161.32276375,0.6346816282,0.1145637088,0.2507546629,,,,,2,0,0,0,,270.241929962157,2.43175273379932
Lille,Marseille,69.202481708,0.4219360162,0.2947680155,0.2832959682,,,,,1,0,0,0,,204.990352597087,2.31173342245848
Bordeaux,PSG,-250.4944931,0.1607231488,0.1595809275,0.6796959236,,,,,3,0,0,0,,204.990352597087,2.31173342245848
Nantes,Reims,-25.24258603,0.2835427855,0.3885695587,0.3278876557,,,,,3,0,0,0,,204.990352597087,2.31173342245848
Strasbourg,Monaco,-23.42767341,0.2851876375,0.388450142,0.3263622204,,,,,1,0,0,0,,176.04502619163,2.2456237594372
Marseille,Rennes,7.2119260721,0.3176541997,0.377609082,0.3047367182,,,,,1,0,0,0,,176.04502619163,2.2456237594372
Reims,Lyon,-131.1570353,0.2161146114,0.3240771814,0.4598082071,,,,,2,0,0,0,,149.683888143492,2.17517505574083
Marseille,Brest,184.31015308,0.6761395663,0.0898361265,0.2340243071,,,,,1,0,0,0,,149.683888143492,2.17517505574083
Angers,SaintEtienne,15.78569766,0.3286457404,0.3712558017,0.3000984578,,,,,3,0,0,0,,196.028705262654,2.29231967148079
Nimes,Montpellier,-66.45692271,0.2520504507,0.3784364956,0.3695130536,,,,,2,0,0,0,,165.881884637265,2.21979896087883
Rennes,Strasbourg,74.22317503,0.4329729698,0.2846022191,0.282424811,,,,,1,0,0,0,,165.881884637265,2.21979896087883
Lorient,Nice,-52.96828686,0.2612976586,0.3842513173,0.354451024,,,,,2,0,0,0,,160.065700595127,2.20429827983847
Dijon,Bordeaux,-63.67315797,0.2538902353,0.3798165336,0.366293231,,,,,3,0,0,0,,227.207515178112,2.35642269212
Lens,Metz,-42.55391131,0.26907845,0.3871549365,0.3437666134,,,,,2,0,0,0,,187.717659925727,2.27350513169175
Monaco,Lille,-32.72407591,0.2770322305,0.3885106165,0.3344571529,,,,,2,0,0,0,,187.717659925727,2.27350513169175
SaintEtienne,Monaco,19.623594806,0.3338846911,0.3678947912,0.2982205176,,,,,3,0,0,0,,257.594227440577,2.41093612647196
PSG,Nantes,282.89405929,0.7930789785,0.0512953313,0.1556256901,,,,,3,0,0,0,,257.594227440577,2.41093612647196
Metz,Rennes,-83.40295805,0.2415084679,0.3681544977,0.3903370343,,,,,3,0,0,0,,257.594227440577,2.41093612647196
Nice,Marseille,-62.50008977,0.254675677,0.3803706877,0.3649536352,,,,,1,0,0,0,,225.398501123556,2.35295102370684
Strasbourg,Lens,16.800534988,0.3300112443,0.3703986954,0.2995900602,,,,,3,0,0,0,,187.18339231249,2.2722673137023
Brest,Angers,18.945049745,0.3329435134,0.3685127708,0.2985437157,,,,,2,0,0,0,,158.592594544944,2.20028290414581
Montpellier,Bordeaux,59.081746382,0.4007935131,0.3139626183,0.2852438685,,,,,1,0,0,0,,210.225166729286,2.32268470559047
Nantes,Lorient,69.773762655,0.4231744198,0.2936309586,0.2831946215,,,,,2,0,0,0,,192.179034642908,2.2837060074973
Dijon,Reims,-100.0451705,0.2320657195,0.3551492703,0.4127850101,,,,,3,0,0,0,,201.558920089802,2.30440202283169
Lyon,PSG,-96.86433174,0.2338115605,0.357843846,0.4083445934,,,,,3,0,0,0,,173.820032814797,2.24009982757615
Lille,Nimes,220.2387751,0.7280854383,0.0669940613,0.2049205003,,,,,3,0,0,0,,173.820032814797,2.24009982757615
Monaco,Metz,63.878529859,0.4106217548,0.3050986881,0.284279557,,,,,1,0,0,0,,173.820032814797,2.24009982757615
PSG,Lille,117.22520061,0.5361632114,0.1907919256,0.2730448629,,,,,3,0,0,0,,173.820032814797,2.24009982757615
Lens,Lyon,-178.6125776,0.1940639869,0.2633402557,0.5425957573,,,,,2,0,0,0,,249.260038077641,2.39665265702961
Lorient,Brest,79.804213821,0.4456224423,0.2728917389,0.2814858187,,,,,1,0,0,0,,327.675832504339,2.51544441148597
Angers,Montpellier,-18.29225839,0.289990583,0.3878175739,0.322191843,,,,,2,0,0,0,,318.284786402737,2.50281588040785
Bordeaux,Strasbourg,7.9246811477,0.3185319923,0.3771403978,0.3043276098,,,,,3,0,0,0,,430.44265420156,2.6339153006846
Reims,Rennes,-28.83687254,0.2803621929,0.3886502788,0.3309875282,,,,,2,0,0,0,,368.883547714687,2.56688928603173
Marseille,Dijon,224.33009564,0.7331818919,0.0652663962,0.2015517118,,,,,1,0,0,0,,486.379240431596,2.68697503016598
Nimes,SaintEtienne,-49.50745475,0.2638157916,0.3853762597,0.3508079486,,,,,3,0,0,0,,486.379240431596,2.68697503016598
Nantes,Nice,-54.96192771,0.2598756681,0.3835332823,0.3565910495,,,,,3,0,0,0,,400.599623880695,2.60271053720265
Strasbourg,PSG,-250.4585604,0.1607405467,0.1596305471,0.6796289061,,,,,3,0,0,0,,337.471028008104,2.52823649445209
Metz,Lille,-163.281382,0.2010352144,0.2843579003,0.5146068852,,,,,3,0,0,0,,372.544847667859,2.57117856143944
Nice,Reims,4.7971095982,0.314726715,0.3791186527,0.3061546322,,,,,2,0,0,0,,372.544847667859,2.57117856143944
SaintEtienne,Bordeaux,32.408602763,0.3528767064,0.3543027892,0.2928205043,,,,,1,0,0,0,,512.212204005024,2.70944992178742
Rennes,Nantes,80.745383089,0.4477917565,0.2708804522,0.2813277912,,,,,1,0,0,0,,453.984066609956,2.65704061077604
Montpellier,Marseille,-3.534621716,0.3051524232,0.3834226454,0.3114249313,,,,,2,0,0,0,,425.199524486319,2.62859277016668
Brest,Nimes,65.893992079,0.4148559303,0.3012460765,0.2838979931,,,,,2,0,0,0,,606.989829703816,2.78318141440225
Monaco,Dijon,233.02161136,0.7435433797,0.0620315418,0.1944250784,,,,,1,0,0,0,,776.603730107994,2.89019947217633
Lens,Lorient,82.553985848,0.4519875203,0.2669897297,0.2810227499,,,,,1,0,0,0,,776.603730107994,2.89019947217633
Lyon,Angers,130.10982257,0.5670617586,0.1648018229,0.2681364184,,,,,1,0,0,0,,761.493073142093,2.88166595716668
Angers,Rennes,-68.0250935,0.2510285677,0.3776193341,0.3713520981,,,,,3,0,0,0,,761.493073142093,2.88166595716668
Lille,Montpellier,134.24961139,0.5766984632,0.1570299872,0.2662715495,,,,,2,0,0,0,,761.493073142093,2.88166595716668
PSG,SaintEtienne,210.98362318,0.7159961654,0.0714584697,0.2125453648,,,,,1,0,0,0,,688.620085733352,2.83797968609439
Marseille,Lorient,197.60073606,0.697001922,0.0795214367,0.2234766412,,,,,1,0,0,0,,688.620085733352,2.83797968609439
Brest,Lens,20.735822355,0.3354414937,0.3668596079,0.2976988983,,,,,2,0,0,0,,986.651452604936,2.99416375961563
Dijon,Nice,-124.8619958,0.2192037148,0.3310134274,0.4497828577,,,,,1,0,0,0,,1383.46320864617,3.14096761414961
Reims,Metz,23.559707722,0.3394738348,0.3641064831,0.296419682,,,,,2,0,0,0,,1172.63616925228,3.06916328560558
Nimes,Strasbourg,-42.41527475,0.2691862874,0.387183675,0.3436300375,,,,,2,0,0,0,,1478.08645551941,3.16969983734493
Reims,Marseille,-29.77762578,0.2795460679,0.3886378338,0.3318160982,,,,,3,0,0,0,,1478.08645551941,3.16969983734493
Bordeaux,Monaco,-48.32423144,0.2646916738,0.3857248802,0.3495834459,,,,,3,0,0,0,,1188.27921205123,3.07491849957249
Nantes,Lyon,-194.3248063,0.1869461527,0.2408792827,0.5721745645,,,,,3,0,0,0,,1188.27921205123,3.07491849957249
SaintEtienne,Brest,141.46719429,0.5930616468,0.1442554222,0.2626829309,,,,,3,0,0,0,,1188.27921205123,3.07491849957249
Metz,PSG,-291.3250758,0.1404816738,0.1080124809,0.7515058452,,,,,3,0,0,0,,986.599170704391,2.99414074607579
Lorient,Bordeaux,4.3706471269,0.3142170672,0.3793727788,0.3064101539,,,,,1,0,0,0,,986.599170704391,2.99414074607579
Rennes,Dijon,216.06311881,0.7227302261,0.06890782,0.2083619538,,,,,1,0,0,0,,805.490954903651,2.90606066796133
Nice,Montpellier,10.045242343,0.3211813017,0.3756829548,0.3031357434,,,,,1,0,0,0,,805.490954903651,2.90606066796133
Lens,Nimes,33.409102082,0.3544675748,0.3530809888,0.2924514363,,,,,1,0,0,0,,660.941996999543,2.82016334830814
Strasbourg,Nantes,17.514807377,0.3309808063,0.3697818497,0.2992373439,,,,,3,0,0,0,,660.941996999543,2.82016334830814
Angers,Monaco,-41.39710906,0.2699818961,0.3873865026,0.3426316012,,,,,3,0,0,0,,550.089785030662,2.74043358033241
Marseille,Strasbourg,114.61131986,0.5297759454,0.196341774,0.2738822805,,,,,2,0,0,0,,550.089785030662,2.74043358033241
Lyon,Lille,7.9740036142,0.3185929695,0.3771075724,0.304299458,,,,,3,0,0,0,,513.005428151454,2.71012196044077
Bordeaux,Rennes,-108.3216925,0.2276366412,0.3476984259,0.4246649328,,,,,1,0,0,0,,417.764507246505,2.62093154009196
Lille,Nice,124.52321119,0.553810163,0.1757610667,0.2704287702,,,,,1,0,0,0,,417.764507246505,2.62093154009196
Lorient,Angers,-8.10932037,0.3002208235,0.3852114866,0.3145676898,,,,,1,0,0,0,,417.764507246505,2.62093154009196
PSG,Lens,222.39685223,0.7307918522,0.0660652861,0.2031428616,,,,,1,0,0,0,,417.764507246505,2.62093154009196
Dijon,Metz,-92.64626538,0.236167493,0.3612677208,0.4025647861,,,,,3,0,0,0,,417.764507246505,2.62093154009196
Brest,Nantes,35.142124129,0.3572603722,0.3509098959,0.2918297318,,,,,3,0,0,0,,358.399728956251,2.55436767255022
Nimes,Reims,-78.7279739,0.2443125582,0.3713030664,0.3843843753,,,,,2,0,0,0,,310.706128646869,2.49234981975406
Montpellier,SaintEtienne,58.010856571,0.3986483257,0.315880144,0.2854715302,,,,,3,0,0,0,,424.665477151155,2.6280469567944
Lens,Lille,-142.499994,0.2106794551,0.3108313099,0.4784892349,,,,,3,0,0,0,,382.447031430073,2.58257129425938
Monaco,Lyon,-62.48411756,0.2546864139,0.3803781198,0.3649354662,,,,,3,0,0,0,,341.382846814012,2.53324169568565
Nantes,Bordeaux,-11.87355744,0.2963235595,0.3863910498,0.3172853906,,,,,1,0,0,0,,341.382846814012,2.53324169568565
SaintEtienne,Marseille,-60.67326194,0.2559112182,0.3812008888,0.3628878929,,,,,1,0,0,0,,274.770069632788,2.43896942379779
Nice,Brest,136.00801492,0.5807386811,0.1538247733,0.2654365455,,,,,1,0,0,0,,223.939926931594,2.35013153216846
Lyon,Lorient,241.80133668,0.7534153417,0.0592875304,0.1872971278,,,,,1,0,0,0,,314.035970692773,2.49697939641289
Angers,Dijon,127.23513498,0.5602754377,0.1703765678,0.2693479944,,,,,1,0,0,0,,314.035970692773,2.49697939641289
Metz,Nimes,6.0944756608,0.3162906553,0.3783226074,0.3053867372,,,,,3,0,0,0,,314.035970692773,2.49697939641289
Strasbourg,Montpellier,-23.95712145,0.2847050422,0.3884905072,0.3268044505,,,,,3,0,0,0,,256.75042842729,2.40951117695657
Rennes,PSG,-178.1193065,0.194287447,0.2640322947,0.5416802582,,,,,2,0,0,0,,256.75042842729,2.40951117695657
Reims,Monaco,-11.12217536,0.2970903055,0.3861762536,0.3167334408,,,,,3,0,0,0,,256.75042842729,2.40951117695657
Nice,Strasbourg,56.063884902,0.3947948094,0.3193067925,0.285898398,,,,,3,0,0,0,,256.75042842729,2.40951117695657
Monaco,Rennes,30.380616127,0.3496998028,0.3567084474,0.2935917497,,,,,1,0,0,0,,227.412105285736,2.35681357872846
Nimes,Lyon,-222.4304111,0.1740480666,0.1997055495,0.6262463838,,,,,3,0,0,0,,227.412105285736,2.35681357872846
Lorient,Metz,-19.14938813,0.2891732041,0.3879539532,0.3228728426,,,,,1,0,0,0,,227.412105285736,2.35681357872846
Dijon,Nantes,-83.83469991,0.2412531534,0.3678521768,0.3908946697,,,,,3,0,0,0,,227.412105285736,2.35681357872846
PSG,Reims,208.87385442,0.7131253452,0.0725948529,0.2142798018,,,,,1,0,0,0,,227.412105285736,2.35681357872846
Montpellier,Brest,156.56229489,0.6251888235,0.1209446339,0.2538665425,,,,,2,0,0,0,,227.412105285736,2.35681357872846
Marseille,Angers,105.28213863,0.5068442532,0.2166722712,0.2764834755,,,,,1,0,0,0,,227.412105285736,2.35681357872846
Lille,SaintEtienne,134.11192964,0.5763807345,0.1572834132,0.2663358522,,,,,2,0,0,0,,227.412105285736,2.35681357872846
Bordeaux,Lens,-21.20492407,0.2872389726,0.3882304108,0.3245306165,,,,,1,0,0,0,,227.412105285736,2.35681357872846
Rennes,Nimes,120.14478278,0.5432606183,0.1846909248,0.2720484568,,,,,1,0,0,0,,227.412105285736,2.35681357872846
SaintEtienne,Dijon,180.75472151,0.6701889391,0.0930499047,0.2367611561,,,,,3,0,0,0,,227.412105285736,2.35681357872846
Lyon,Nice,124.06520003,0.5527127037,0.1766819039,0.2706053923,,,,,3,0,0,0,,227.412105285736,2.35681357872846
Brest,PSG,-239.4161758,0.1660458184,0.1751317423,0.6588224392,,,,,3,0,0,0,,227.412105285736,2.35681357872846
Angers,Lille,-165.7918936,0.1998884416,0.2809919706,0.5191195877,,,,,3,0,0,0,,227.412105285736,2.35681357872846
Reims,Bordeaux,59.829115911,0.4023013305,0.3126108389,0.2850878305,,,,,3,0,0,0,,227.412105285736,2.35681357872846
Lens,Monaco,-51.14817607,0.2626139772,0.3848623572,0.3525236655,,,,,2,0,0,0,,216.442859528638,2.33534326296755
Nantes,Montpellier,-50.20049066,0.2633063615,0.3851634892,0.3515301492,,,,,3,0,0,0,,216.442859528638,2.33534326296755
Strasbourg,Lorient,86.921143058,0.4622546333,0.2574742039,0.2802711627,,,,,2,0,0,0,,216.442859528638,2.33534326296755
Metz,Marseille,-116.1436351,0.223585831,0.3400959318,0.4363182371,,,,,2,0,0,0,,183.342660806959,2.26326352986884
,,,,,,,,,,,,,,,183.342660806959,2.26326352986884
