Lille,Rennes,85.18896556,,,,,2.08,3.45,4.6,2,,0.408357256,0.3415691343,0.2500736096,0.84938309248,1.178413513335,1.15033860416,,100,2
Lorient,Strasbourg,-14.76125802,,,,,2.5,3.2,3.25,1,,0.2705162353,0.4349761827,0.2945075819,0.67629058825,1.39192378464,0.957149641175,,93.6765824316667,1.97163103814733
Bordeaux,Nantes,-9.439117189,,,,,2.75,3.01,3.4,2,,0.2729584366,0.4388413387,0.2882002246,0.75063570065,1.320912429487,0.97988076364,,78.7190527635171,1.89607985953339
Monaco,Reims,0.5012386999,,,,,2,3.6,4.5,2,,0.2781302037,0.4445409421,0.2773288541,0.5562604074,1.60034739156,1.24797984345,,99.8463817643331,1.99933233151763
Nimes,Brest,76.20283988,,,,,2.35,3.4,3.35,1,,0.3901397349,0.3582588468,0.2516014182,0.916828377015,1.21808007912,0.84286475097,,99.8463817643331,1.99933233151763
Lyon,Dijon,254.54348366,,,,,1.29,6.5,13.5,1,,0.7494028965,0.0774733505,0.1731237529,0.966729736485,0.50357677825,2.33717066415,,96.3845377059538,1.98400736867889
Dijon,Angers,3.8541674399,,,,,0,0,0,3,,0.281834884,0.4425142709,0.275650845,0,0,0,,96.3845377059538,1.98400736867889
Strasbourg,Nice,20.336127329,,,,,0,0,0,3,,0.3013866198,0.4305215068,0.2680918733,0,0,0,,96.3845377059538,1.98400736867889
Nice,Lens,147.43962291,,,,,0,0,0,1,,0.5556526581,0.2065514547,0.2377958871,0,0,0,,96.3845377059538,1.98400736867889
SaintEtienne,Lorient,139.29980112,,,,,0,0,0,1,,0.5357163001,0.2240215504,0.2402621494,0,0,0,,96.3845377059538,1.98400736867889
Reims,Lille,-12.33727597,,,,,0,0,0,3,,0.2716133108,0.4367821773,0.2916045118,0,0,0,,96.3845377059538,1.98400736867889
Rennes,Montpellier,125.45165134,,,,,0,0,0,1,,0.5015026038,0.2549160289,0.2435813672,0,0,0,,96.3845377059538,1.98400736867889
Metz,Monaco,12.52830227,,,,,0,0,0,3,,0.291831424,0.436642653,0.2715259229,0,0,0,,96.3845377059538,1.98400736867889
Brest,Marseille,-101.8032877,,,,,0,0,0,3,,0.2475767462,0.3075686697,0.444854584,0,0,0,,96.3845377059538,1.98400736867889
Nantes,Nimes,48.258514409,,,,,0,0,0,1,,0.3407663282,0.4011203685,0.2581133032,0,0,0,,96.3845377059538,1.98400736867889
Angers,Bordeaux,18.9923945,,,,,0,0,0,3,,0.2997019871,0.4316345327,0.2686634801,0,0,0,,96.3845377059538,1.98400736867889
Lens,PSG,-300.2241412,,,,,0,0,0,1,,0.1412528727,0.0633983054,0.7953488218,0,0,0,,96.3845377059538,1.98400736867889
Bordeaux,Lyon,-141.1389964,,,,,0,0,0,2,,0.2397411711,0.2200146283,0.5402442005,0,0,0,,96.3845377059538,1.98400736867889
Montpellier,Nice,77.236905346,,,,,2.2,3.45,3.75,1,,0.392178247,0.3564067226,0.2514150303,0.8627921434,1.22960319297,0.942806363625,,96.3845377059538,1.98400736867889
SaintEtienne,Strasbourg,107.15564621,,,,,2.15,3.4,3.9,1,,0.4572897689,0.2959345442,0.2467756868,0.983173003135,1.00617745028,0.96242517852,,92.8079597059595,1.96758522522891
Lille,Metz,166.41622992,,,,,1.57,4.1,7.85,1,,0.6003363094,0.1693318191,0.2303318714,0.942528005758,0.69426045831,1.80810519049,,98.042099722543,1.99141260376475
Lorient,Lens,48.949841526,,,,,2.4,3.35,3.6,3,,0.3418590044,0.4002284786,0.2579125169,0.82046161056,1.34076540331,0.92848506084,,98.042099722543,1.99141260376475
Angers,Reims,-16.79733573,,,,,2.35,3.05,4.5,1,,0.2696147068,0.43339865,0.2969866431,0.63359456098,1.3218658825,1.33643989395,,87.7061739631593,1.94303016604284
Dijon,Brest,61.09652582,,,,,2.8,3.3,3.05,3,,0.3620974894,0.3831701037,0.2547324068,1.01387297032,1.26446134221,0.77693384074,,78.6309455621269,1.89559349822692
Nimes,Rennes,-57.64727829,,,,,3.4,3.3,2.3,3,,0.2555702709,0.3882833534,0.3561463756,0.86893892106,1.28133506622,0.81913666388,,73.2373195816742,1.86473244114317
PSG,Marseille,165.45152693,,,,,1.53,5.5,7.75,3,,0.5981488091,0.1710806196,0.2307705712,0.915167677923,0.9409434078,1.7884719268,,61.38900710987,1.78809060926901
Monaco,Nantes,29.692985039,,,,,1.91,3.7,4.6,1,,0.3136152494,0.4220436405,0.26434111,0.599005126354,1.56156146985,1.215969106,,61.38900710987,1.78809060926901
Montpellier,Lyon,-18.39597258,,,,,3.75,3.7,2.13,1,,0.2689198008,0.4321204555,0.2989597436,1.008449253,1.59884568535,0.636784253868,,50.6419828790254,1.70451070207564
Marseille,SaintEtienne,72.67736239,,,,,1.85,3.6,5.25,3,,0.3833042741,0.3644346428,0.252261083,0.709112907085,1.31196471408,1.32437068575,,50.6419828790254,1.70451070207564
Lyon,Nimes,195.77182099,,,,,1.38,6.5,12.5,2,,0.6612186928,0.1245339022,0.2142474049,0.912481796064,0.8094703643,2.67809256125,,71.064139378716,1.85165050088729
PSG,Metz,286.5597247,,,,,1.26,12,27,1,,0.7831025061,0.066438102,0.1504593918,0.986709157686,0.797257224,4.0624035786,,71.064139378716,1.85165050088729
Lens,Bordeaux,-34.3608188,,,,,2.75,3.17,3.45,1,,0.2626225661,0.4173154539,0.3200619799,0.722212056775,1.322889988863,1.104213830655,,71.064139378716,1.85165050088729
Nice,PSG,-163.8068193,,,,,10,5.9,1.4,3,,0.2315039988,0.1741004565,0.5943955446,2.315039988,1.02719269335,0.83215376244,,60.0019897775277,1.77816565263484
Rennes,Monaco,135.28304344,,,,,2.42,3.6,3.3,1,,0.5257988513,0.2328707533,0.2413303953,1.272433220146,0.83833471188,0.79639030449,,60.0019897775277,1.77816565263484
Montpellier,Angers,126.92676793,,,,,2.04,3.55,4.4,1,,0.5051397888,0.2515867923,0.2432734188,1.030485169152,0.893133112665,1.07040304272,,81.2157440098155,1.90964022719438
Brest,Lorient,72.001883681,,,,,2.36,3.4,3.25,1,,0.3820148676,0.365593149,0.2523919833,0.901555087536,1.2430167066,0.820273945725,,77.7618118241572,1.890766370952
Metz,Reims,-47.49392203,,,,,,,,1,,0.2583379271,0.4020970292,0.3395650436,,,,,74.0211006702329,1.86935553862797
Strasbourg,Dijon,145.11415726,,,,,,,,1,,0.5499876145,0.2114689243,0.2385434611,,,,,74.0211006702329,1.86935553862797
Nantes,SaintEtienne,-19.03299577,,,,,,,,2,,0.2686460894,0.4316012734,0.2997526371,,,,,74.0211006702329,1.86935553862797
Marseille,Lille,4.6484056192,,,,,2.52,3.25,3.3,2,,0.2827249912,0.4420149583,0.2752600504,0.712466977824,1.436548614475,0.90835816632,,74.0211006702329,1.86935553862797
SaintEtienne,Rennes,6.1912648914,,,,,3.25,3.3,2.5,3,,0.2844681864,0.4410234747,0.2745083388,0.9245216058,1.45537746651,0.686270847,,100.246367621151,2.00106864512593
Marseille,Metz,107.36589629,,,,,1.65,4,6.5,2,,0.457783969,0.2954724635,0.2467435674,0.75534354885,1.181889854,1.6038331881,,84.0028758555474,1.92429415447635
Lille,Nantes,160.73920625,,,,,1.69,4,6.2,1,,0.5873181094,0.179859161,0.2328227295,0.992567604886,0.719436644,1.4435009229,,84.0028758555474,1.92429415447635
Bordeaux,Nice,-22.1750592,,,,,2.18,3.4,3.9,2,,0.2673228965,0.4289568133,0.3037202901,0.58276391437,1.45845316522,1.18450913139,,84.0028758555474,1.92429415447635
Angers,Brest,95.033298808,,,,,2.25,3.3,3.75,1,,0.4295707169,0.3218577323,0.2485715507,0.966534113025,1.06213051659,0.932143315125,,120.752814625979,2.08189726250665
Monaco,Strasbourg,79.804009624,,,,,1.75,4,5.3,1,,0.3973044221,0.3517304527,0.2509651251,0.695282738675,1.4069218108,1.33011516303,,125.097276815224,2.09724785584055
Dijon,Montpellier,-10.70244047,,,,,5.2,3.9,1.8,2,,0.2723676496,0.4379569444,0.2896754059,1.41631177792,1.70803208316,0.52141573062,,113.014897059443,2.05313569378688
Nimes,Lens,65.077690507,,,,,3.55,3.5,2.3,2,,0.3691730879,0.3770010862,0.2538258258,1.310564462045,1.3195038017,0.58379939934,,113.014897059443,2.05313569378688
Reims,PSG,-209.9403869,,,,,14,7.25,1.25,3,,0.2049786319,0.1086493695,0.6863719985,2.8697008466,0.787707928875,0.857964998125,,96.068429079001,1.98258068913094
Nice,Nantes,91.831109213,,,,,2.4,3.35,3.45,1,,0.4225327388,0.3284195288,0.2490477323,1.01407857312,1.10020542148,0.859214676435,,96.068429079001,1.98258068913094
Lens,SaintEtienne,-38.11149113,,,,,2.17,3.75,5,1,,0.2613161238,0.4132633557,0.3254205204,0.567055988646,1.549737583875,1.627102602,,104.292808949623,2.01825436459947
Lorient,Lyon,-157.1266905,,,,,5,4,1.77,2,,0.2342930105,0.186843632,0.5788633574,1.1714650525,0.747374528,1.024588142598,,104.292808949623,2.01825436459947
Montpellier,Nimes,176.64343579,,,,,1.72,3.95,5.3,3,,0.6228429006,0.1518525666,0.2253045327,1.071289789032,0.59981763807,1.19411402331,,139.337936199894,2.14406937370511
PSG,Angers,276.77156946,,,,,1.12,12,26,1,,0.7736047449,0.0691454191,0.1572498359,0.866437314288,0.8297450292,4.0884957334,,170.13762906111,2.23080037643614
Brest,Monaco,28.331581437,,,,,3.15,3.9,2.37,1,,0.3117797848,0.4233586144,0.2648616007,0.98210632212,1.65109859616,0.627721993659,,170.13762906111,2.23080037643614
Bordeaux,Dijon,122.64713199,,,,,1.7,3.85,5.8,1,,0.4946056893,0.2612529967,0.2441413139,0.84082967181,1.005824037295,1.41601962062,,170.13762906111,2.23080037643614
Rennes,Reims,113.63200648,,,,,1.81,3.78,5.7,2,,0.4726877094,0.2815618563,0.2457504342,0.855564754014,1.064303816814,1.40077747494,,170.13762906111,2.23080037643614
Lyon,Marseille,11.885466693,,,,,1.83,3.94,6,2,,0.2910690831,0.4371102891,0.2718206277,0.532656422073,1.722214539054,1.6309237662,,170.13762906111,2.23080037643614
Dijon,Rennes,-118.4026856,,,,,5.25,3.1,1.7,2,,0.2449314587,0.2708389974,0.4842295438,1.285890158175,0.83960089194,0.82319022446,,170.13762906111,2.23080037643614
Nimes,PSG,-258.8139496,,,,,8.75,6.2,1.34,3,,0.1700382395,0.0755968583,0.7543649021,1.487834595625,0.46870052146,1.010848968814,,198.225167820964,2.29715879420502
Strasbourg,Lille,-43.68400728,,,,,4,3.32,2.25,3,,0.2594975832,0.4068123062,0.3336901105,1.0379903328,1.350616856584,0.750802748625,,198.225167820964,2.29715879420502
Strasbourg,Lyon,-92.21141676,,,,,5,3.8,1.91,3,,0.2489907305,0.3276474185,0.4233618509,1.2449536525,1.2450601903,0.808621135219,,164.465654851109,2.21607521860229
Marseille,Bordeaux,71.693899726,,,,,2.25,3.35,3.8,1,,0.3814291288,0.3661187019,0.2524521692,0.8582155398,1.226497651365,0.95931824296,,164.465654851109,2.21607521860229
Angers,Metz,56.381029716,,,,,,,,2,,0.354002864,0.3901066132,0.2558905227,,,,,157.374080021062,2.1969332043204
Monaco,Montpellier,70.700154807,,,,,1.92,3.9,4.3,2,,0.3795484232,0.3678030299,0.2526485468,0.728732972544,1.43443181661,1.08638875124,,157.374080021062,2.1969332043204
Nantes,Brest,90.778953941,,,,,2.25,3.6,3.3,1,,0.4202485836,0.3305451987,0.2492062176,0.9455593131,1.18996271532,0.82238051808,,203.116624780704,2.30774547118934
Metz,Lorient,69.041614953,,,,,,,,1,,0.3764409966,0.3705751069,0.2529838964,,,,,201.467230356715,2.30420441607209
SaintEtienne,Nice,53.539467157,,,,,2.97,3.35,2.77,3,,0.3492720954,0.3940932966,0.2566346079,1.037338123338,1.32021254361,0.710877863883,,201.467230356715,2.30420441607209
Rennes,Angers,134.13520871,,,,,2.35,3.45,3.87,3,,0.5229603812,0.2354207944,0.2416188243,1.22895689582,0.81220174068,0.935064850041,,182.43237081883,2.26110190208807
Lorient,Marseille,-159.4261187,,,,,2.82,3.3,2.87,3,,0.2333675187,0.1823730854,0.5842593958,0.658096402734,0.60183118182,1.676824465946,,140.761437431707,2.14848369312672
Lille,Lens,220.83371283,,,,,2.05,3.3,4.5,1,,0.7038896805,0.0986770596,0.1974332598,1.442973845025,0.32563429668,0.8884496691,,193.086094676064,2.28575099867374
PSG,Dijon,400.90837938,,,,,1.1,13.5,28,1,,0.8599011716,0.0545571844,0.0855416439,0.94589128876,0.7365219894,2.3951660292,,274.594834120543,2.4386923627112
Montpellier,Reims,101.79961415,,,,,,,,3,,0.4448461505,0.3075765614,0.247577288,,,,,274.594834120543,2.4386923627112
Brest,Strasbourg,59.368515995,,,,,2.39,3.6,3.1,3,,0.3590954695,0.3857586057,0.2551459247,0.858238172105,1.38873098052,0.79095236657,,274.594834120543,2.4386923627112
Metz,SaintEtienne,-27.5262638,,,,,2.15,3.4,4,1,,0.2651735648,0.4241231204,0.3107033147,0.57012316432,1.44201860936,1.2428132588,,245.550886093347,2.39014150566272
Bordeaux,Nimes,37.135584572,,,,,,,,1,,0.3240105394,0.4143398,0.2616496605,,,,,200.827104983929,2.30282232774854
Lyon,Monaco,171.64184018,,,,,1.84,4.1,4.4,1,,0.6119971383,0.1601550872,0.2278477744,1.126074734472,0.65663585752,1.00253020736,,200.827104983929,2.30282232774854
Rennes,Brest,191.07548339,,,,,1.98,4,4.2,1,,0.6522667556,0.1305948932,0.2171383511,1.291488176088,0.5223795728,0.91198107462,,232.424142230818,2.36628123685542
SaintEtienne,Montpellier,80.614846478,,,,,2.7,3.45,3.15,3,,0.3989428679,0.3502305332,0.2508265988,1.07714574333,1.20829533954,0.79010378622,,302.71559134529,2.48103478983945
Reims,Lorient,131.96346752,,,,,2.2,3.4,3.7,3,,0.5175880576,0.2402669018,0.2421450405,1.13869372672,0.81690746612,0.89593664985,,276.598583823615,2.44184995220437
Reims,Strasbourg,60.873752854,,,,,2.8,3.25,2.95,1,,0.3617081363,0.3835068404,0.2547850232,1.01278278164,1.2463972313,0.75161581844,,227.263337127546,2.35652937955488
Angers,Nice,0.6052643209,,,,,2.48,3.5,3.2,3,,0.2782438794,0.4444800063,0.2772761142,0.690044820912,1.55568002205,0.88728356544,,212.9574373474,2.32829281201969
Dijon,Lorient,49.930706133,,,,,3.2,3.65,2.39,2,,0.3434199707,0.3989486364,0.2576313928,1.09894390624,1.45616252286,0.615739028792,,173.390836250881,2.23902614117456
Nice,Lille,1.8276970915,,,,,4.25,3.68,1.99,2,,0.2795857153,0.4437546902,0.2766595944,1.188239290025,1.633017259936,0.550552592856,,234.716293780819,2.370543238953
Nantes,PSG,-241.5371244,,,,,8,5.5,1.5,3,,0.1825627681,0.0841822487,0.7332549831,1.4605021448,0.46300236785,1.09988247465,,234.716293780819,2.370543238953
Lille,Lyon,40.619803426,,,,,2.92,3.48,2.72,2,,0.3290963108,0.4104242157,0.2604794734,0.960961227536,1.428276270636,0.708504167648,,234.716293780819,2.370543238953
Monaco,Bordeaux,49.003741651,,,,,1.88,4.1,4.6,1,,0.3419444566,0.4001585888,0.2578969545,0.642855578408,1.64065021408,1.1863259907,,314.328339798737,2.497383538712
Nimes,Metz,18.666565091,,,,,3.1,3.15,2.75,3,,0.2992960791,0.4319006093,0.2688033115,0.92781784521,1.360486919295,0.739209106625,,314.328339798737,2.497383538712
Bordeaux,Montpellier,20.969284395,,,,,2.72,3.2,3.19,3,,0.3021864085,0.4299882199,0.2678253715,0.82194703112,1.37596230368,0.854362935085,,272.593876474498,2.43551609565417
PSG,Rennes,188.13817379,,,,,1.51,4.9,6.75,1,,0.6465108596,0.1345968882,0.2188922521,0.976231397996,0.65952475218,1.477522701675,,235.427602913132,2.37185738072522
Strasbourg,Marseille,-116.1006935,,,,,2.67,3.15,3.1,3,,0.2453347804,0.2760231637,0.4786420558,0.655043863668,0.869472965655,1.48379037298,,235.427602913132,2.37185738072522
Brest,Lille,-83.67771951,,,,,4.6,4,1.78,1,,0.2503173944,0.3444677781,0.4052148274,1.15146001424,1.3778711124,0.721282392772,,300.156197498519,2.47734731491369
Lens,Reims,-21.14611458,,,,,2.2,3.3,3.65,2,,0.2677512675,0.4298382632,0.3024104692,0.5890527885,1.41846626856,1.10379821258,,300.156197498519,2.47734731491369
Nimes,Angers,-13.80193228,,,,,2.95,3.3,2.65,3,,0.2709473447,0.4357001983,0.2933524569,0.799294666865,1.43781065439,0.777384010785,,418.75541927933,2.62196044045775
Metz,Dijon,136.90343734,,,,,2.17,3.3,4,2,,0.5298032661,0.2292860624,0.2409106714,1.149673087437,0.75664400592,0.9636426856,,347.186587053171,2.54056293862048
Lorient,Nantes,-18.49437848,,,,,,,,3,,0.2688773993,0.4320406221,0.2990819785,,,,,281.456790417668,2.44941173089762
Nice,Monaco,125.83812151,,,,,3.65,3.9,2,3,,0.5024549724,0.2540434133,0.2435016142,1.83396064926,0.99076931187,0.4870032284,,281.456790417668,2.44941173089762
Lyon,SaintEtienne,133.6494737,,,,,1.3,6.1,11,1,,0.5217589181,0.2365023738,0.241738708,0.67828659353,1.44266448018,2.659125788,,281.456790417668,2.44941173089762
Rennes,Bordeaux,122.1944548,,,,,1.97,3.6,4.5,3,,0.4934951483,0.2622761221,0.2442287295,0.972185442151,0.94419403956,1.09902928275,,281.456790417668,2.44941173089762
Monaco,PSG,-211.11551,,,,,6,5.3,1.5,1,,0.2041792421,0.1074849501,0.6883358077,1.2250754526,0.56967023553,1.03250371155,,331.487455755298,2.52046709835366
Brest,SaintEtienne,10.288979226,,,,,2.3,3.6,3.16,1,,0.2891911301,0.438248619,0.2725602508,0.66513959923,1.5776950284,0.861290392528,,331.487455755298,2.52046709835366
Nantes,Metz,28.777512357,,,,,2.24,3.25,3.6,2,,0.3123788159,0.4229310258,0.2646901582,0.699728547616,1.37452583385,0.95288456952,,269.076437587598,2.42987566924753
Dijon,Lens,35.59614104,,,,,4.3,3.8,1.9,3,,0.321808933,0.4160061264,0.2621849405,1.3837784119,1.58082328032,0.49815138695,,348.90356407471,2.54270540581978
Montpellier,Strasbourg,144.76788567,,,,,2.25,3.4,4.4,1,,0.5491416554,0.2122065664,0.2386517781,1.23556872465,0.72150232576,1.05006782364,,348.90356407471,2.54270540581978
Angers,Lyon,-103.5831802,,,,,4.5,3.9,1.83,3,,0.2473132474,0.3037291494,0.4489576031,1.1129096133,1.18454368266,0.821592413673,,455.068943352541,2.65807719764472
Reims,Nimes,75.992516209,,,,,1.84,3.75,4.4,3,,0.3897269726,0.3586333189,0.2516397084,0.717097629584,1.344874945875,1.10721471696,,455.068943352541,2.65807719764472
Lille,Lorient,239.91175876,,,,,1.62,4,6.25,1,,0.7311200618,0.0851375723,0.1837423658,1.184414500116,0.3405502892,1.14838978625,,422.547292901322,2.62587532369195
Lens,Nantes,15.622111133,,,,,2.2,3.28,3.63,2,,0.2955511437,0.4343160275,0.2701328287,0.65021251614,1.4245565702,0.980582168181,,422.547292901322,2.62587532369195
Marseille,Nantes,95.520788046,,,,,2.14,3.4,4.1,1,,0.4306532953,0.3208470414,0.2484996632,0.921598051942,1.09087994076,1.01884861912,,568.700286884719,2.75488344733502
Strasbourg,Rennes,-68.62984536,,,,,3.25,3.2,2.32,2,,0.2530686626,0.3712557418,0.3756755955,0.82247315345,1.18801837376,0.87156738156,,551.779736911534,2.74176574777584
Lyon,Reims,124.57940373,,,,,1.4,5.2,8.15,1,,0.499354748,0.2568862437,0.2437590082,0.6990966472,1.33580846724,1.98663591683,,725.645720765171,2.86072463850968
PSG,Bordeaux,273.76206408,,,,,1.18,8.25,15,2,,0.7705515214,0.0700821667,0.1593663118,0.909250795252,0.578177875275,2.390494677,,725.645720765171,2.86072463850968
Lorient,Montpellier,-50.97691024,,,,,3.9,3.6,1.95,3,,0.2573363716,0.3975648285,0.3450987998,1.00361184924,1.4312333826,0.67294265961,,725.645720765171,2.86072463850968
Monaco,Nimes,100.31322851,,,,,1.36,5.75,9,1,,0.4414458246,0.3107581464,0.2477960289,0.600366321456,1.7868593418,2.2301642601,,725.645720765171,2.86072463850968
Metz,Brest,89.580986284,,,,,2.4,3.3,3.1,3,,0.4176653345,0.3329464282,0.2493882372,1.0023968028,1.09872321306,0.77310353532,,725.645720765171,2.86072463850968
Lens,Angers,-4.600534881,,,,,2.2,3.25,3.55,3,,0.2752835313,0.4420452652,0.2826712034,0.60562376886,1.4366471119,1.00348277207,,688.297934118257,2.83777646604888
Nice,Dijon,202.62252344,,,,,1.81,4,4.55,3,,0.673724983,0.1164166236,0.2098583933,1.21944221923,0.4656664944,0.954855689515,,576.456484343743,2.76076652876397
SaintEtienne,Lille,-24.05928734,,,,,4.3,3.45,2.05,2,,0.2665510159,0.4273030044,0.3061459796,1.14616936837,1.47419536518,0.62759925818,,421.548796556973,2.62484785380971
Nimes,Marseille,-162.8923301,,,,,5.3,3.9,1.68,3,,0.2319038495,0.1758001729,0.5922959775,1.22909040235,0.68562067431,0.9950572422,,614.890983170416,2.78879812454889
Rennes,Lens,152.71309384,,,,,2.12,3.45,3.7,3,,0.5683757874,0.1956563632,0.2359678493,1.204956669288,0.67501445304,0.87308104241,,556.730374742292,2.74564491669602
Montpellier,PSG,-143.3183488,,,,,4.8,4.2,1.72,3,,0.2390968813,0.2153088703,0.5455942483,1.14766503024,0.90429725526,0.938422107076,,426.231718848805,2.62964576543552
Bordeaux,Brest,79.911524237,,,,,2.21,3.45,3.3,1,,0.397521144,0.3515321941,0.2509466618,0.87852172824,1.212786069645,0.82812398394,,363.438753125974,2.56043123384554
Angers,Lorient,94.949335715,,,,,1.8,3.64,4.6,1,,0.4293845509,0.3220315044,0.2485839446,0.77289219162,1.172194676016,1.14348614516,,353.152246732836,2.54796197355071
Lille,Monaco,192.4998501,,,,,2.6,3.45,2.8,1,,0.6550144591,0.1287130602,0.2162724806,1.70303759366,0.44406005769,0.60556294568,,331.020596548259,2.51985501700522
Nantes,Strasbourg,65.291067787,,,,,2.22,3.35,3.25,3,,0.3695586314,0.3766623692,0.2537789993,0.820420161708,1.26181893682,0.824781747725,,331.020596548259,2.51985501700522
Dijon,SaintEtienne,-34.71010887,,,,,3.7,3.55,2.05,2,,0.2624980961,0.4169477344,0.3205541694,0.97124295557,1.48016445712,0.65713604727,,310.295156220329,2.49177499619905
SaintEtienne,Angers,30.049617664,,,,,2.36,3.4,3.1,2,,0.3140993542,0.4216944491,0.2642061966,0.741274475912,1.43376112694,0.81903920946,,464.816602036408,2.66728163152521
Reims,Nice,-18.06830082,,,,,2.42,3.4,3.05,2,,0.2690613028,0.4323853167,0.2985533804,0.651128352776,1.47011007678,0.91058781022,,628.423227573502,2.79825222891499
Metz,Lyon,-144.1380853,,,,,7,4.75,1.45,3,,0.2388468136,0.2135516408,0.5476015455,1.6719276952,1.0143702938,0.794022240975,,902.950080606109,2.95566374110357
Marseille,Monaco,123.4753439,,,,,3.31,3.5,2.19,1,,0.496639591,0.2593811107,0.2439792982,1.64387704621,0.90783388745,0.534314663058,,902.950080606109,2.95566374110357
Nice,Rennes,-18.2594903,,,,,3.15,3.12,2.35,3,,0.2689786808,0.4322309566,0.2987903625,0.84728284452,1.348560584592,0.702157351875,,902.950080606109,2.95566374110357
Lens,Montpellier,-16.78417507,,,,,2.5,3.16,2.9,3,,0.2696204749,0.4334090271,0.2969704979,0.67405118725,1.369572525636,0.86121444391,,767.26682769576,2.88494642215472
Brest,Reims,4.8185267415,,,,,2.48,3.25,3,1,,0.2829162845,0.4419070339,0.2751766815,0.70163238556,1.436197860175,0.8255300445,,648.239718466185,2.81173563728279
Nantes,Dijon,118.56933106,,,,,1.71,3.75,5,2,,0.4846352294,0.2704631531,0.2449016174,0.828726242274,1.014236824125,1.224508087,,546.239528150537,2.73738312428506
Strasbourg,Metz,22.350536074,,,,,1.9,3.45,4.3,2,,0.3039447044,0.4288049712,0.2672503243,0.57749493836,1.47937715064,1.14917639449,,503.380031781739,2.70189598384046
Lorient,Nimes,-19.843217,,,,,1.95,3.55,3.9,1,,0.2683006028,0.4309327385,0.3007666586,0.52318617546,1.529811221675,1.17298996854,,703.460437873117,2.84723967803725
Lille,Bordeaux,162.54328987,,,,,1.61,3.7,6.3,1,,0.5914922807,0.1764527587,0.2320549605,0.952302571927,0.65287520719,1.46194625115,,703.460437873117,2.84723967803725
PSG,Lyon,132.16924807,,,,,1.56,5,5.5,3,,0.5180971235,0.2398066272,0.2420962492,0.80823151266,1.199033136,1.3315293706,,703.460437873117,2.84723967803725
Montpellier,Metz,111.98256905,,,,,1.65,3.95,5.6,3,,0.4687336594,0.2852467347,0.2460196058,0.77341053801,1.126724602065,1.37770979248,,998.521524017455,2.99935743091054
Reims,Nantes,40.13429993,,,,,2.37,3.25,3.1,1,,0.3283789539,0.4109819473,0.2606390987,0.778258120743,1.335691328725,0.80798120597,,1477.93292196701,3.16965472344943
Angers,Strasbourg,58.321295735,,,,,2.37,3.4,3.05,3,,0.3572963358,0.3873010588,0.2554026053,0.846792315846,1.31682359992,0.778977946165,,1311.86969755604,3.11789070055588
Nimes,Nice,-69.156759,,,,,4.1,3.8,1.88,3,,0.2529603016,0.3703842379,0.3766554604,1.03713723656,1.40746010402,0.708112265552,,1196.59279798583,3.07794638459626
PSG,Lorient,344.68623605,,,,,1.15,8.5,17,1,,0.8285709337,0.0575053603,0.1139237059,0.952856573755,0.48879556255,1.9367030003,,1196.59279798583,3.07794638459626
Dijon,Lille,-111.9677969,,,,,7,4.5,1.45,3,,0.2460219884,0.2852796702,0.4686983413,1.7221539188,1.2837585159,0.679612594885,,1196.59279798583,3.07794638459626
Bordeaux,SaintEtienne,17.931577105,,,,,2.3,3.25,3.25,3,,0.2983841189,0.4324953928,0.2691204882,0.68628347347,1.4056100266,0.87464158665,,1196.59279798583,3.07794638459626
Rennes,Marseille,-60.85540115,,,,,2.3,3.2,3.47,1,,0.2547893668,0.3835345403,0.3616760928,0.58601554364,1.22731052896,1.255016042016,,1022.10292756278,3.00949463221919
Lyon,Brest,241.03373424,,,,,1.29,6.1,10,2,,0.7325966859,0.0844751338,0.1829281802,0.945049724811,0.51529831618,1.829281802,,870.466678209945,2.93975215081632
Monaco,Lens,118.58127985,,,,,1.58,4.4,5.5,3,,0.4846643238,0.2704362019,0.2448994742,0.765769631604,1.18991928836,1.3469471081,,870.466678209945,2.93975215081632
Marseille,Reims,90.745918297,,,,,1.85,3.4,4.7,2,,0.4201770966,0.3306116897,0.2492112136,0.77732762871,1.12407974498,1.17129270392,,1258.01478109457,3.09968574389947
Metz,Lens,8.5914219354,,,,,3.35,3.2,2.34,1,,0.2872178391,0.4394234891,0.2733586717,0.962179760985,1.40615516512,0.639659291778,,1171.87929724049,3.06888288195344
Nice,Lyon,-102.8290497,,,,,6.2,4.6,1.52,3,,0.2474251506,0.3053597403,0.447215109,1.53403593372,1.40465480538,0.67976696568,,997.651877956894,2.99897902439652
SaintEtienne,Nimes,95.529035152,,,,,1.5,4.6,6.75,2,,0.4306716347,0.3208299171,0.2484984481,0.64600745205,1.47581761866,1.677364524675,,997.651877956894,2.99897902439652
Dijon,Monaco,-9.709357326,,,,,6.6,4.85,1.48,3,,0.2728314866,0.4386538551,0.2885146582,1.80068781156,2.127471197235,0.427001694136,,997.651877956894,2.99897902439652
Nantes,Angers,-18.92069802,,,,,2.5,3.25,3.1,2,,0.268694208,0.431693208,0.2996125839,0.67173552,1.403002926,0.92879901009,,997.651877956894,2.99897902439652
Brest,Montpellier,12.06518652,,,,,2.7,3.4,2.75,2,,0.2912818537,0.4369800906,0.2717380556,0.78646100499,1.48573230804,0.7472796529,,1370.4244539689,3.13685509961376
Strasbourg,Bordeaux,7.247223106,,,,,2.15,3.3,3.6,3,,0.2856721626,0.4403282778,0.2739995595,0.61419514959,1.45308331674,0.9863984142,,1922.88214363886,3.28395266648713
Bordeaux,Reims,-11.15088928,,,,,2.32,3.25,3.5,3,,0.2721595804,0.4376381196,0.2902022999,0.631410226528,1.4223238887,1.01570804965,,1612.78453337971,3.20757634989685
Lille,PSG,-79.85622274,,,,,3.6,3.5,2.19,2,,0.250956155,0.3516341949,0.39740965,0.903442158,1.23071968215,0.8703271335,,1347.13687807114,3.12941172517426
Lorient,Rennes,-131.560459,,,,,4.2,3.6,1.9,3,,0.2422399593,0.2411689256,0.516591115,1.01740782906,0.86820813216,0.9815231185,,1909.15301204266,3.28084073699647
Lens,Brest,64.125425427,,,,,2.1,3.7,3.6,1,,0.3674603319,0.3785027125,0.2540369555,0.77166669699,1.40046003625,0.9145330398,,1683.8199534821,3.22629565165914
Rennes,Metz,92.80350337,,,,,1.6,3.9,6.8,1,,0.4246563232,0.3264414185,0.2489022582,0.67945011712,1.27312153215,1.69253535576,,1511.82001268456,3.17950009000727
Nimes,Dijon,73.516871158,,,,,2.55,3.4,2.9,3,,0.3849158828,0.3629836479,0.2521004692,0.98153550114,1.23414440286,0.73109136068,,1511.82001268456,3.17950009000727
Nice,Lorient,132.24292891,,,,,1.98,3.65,4.35,2,,0.5182793991,0.2396418753,0.2420787255,1.026193210218,0.874692844845,1.053042455925,,1446.33177966008,3.16026792888356
Montpellier,Lille,9.8592959266,,,,,3.95,3.4,2.1,3,,0.2886893801,0.4385494351,0.2727611847,1.140323051395,1.49106807934,0.57279848787,,1393.43718710083,3.144087396508
PSG,Strasbourg,284.14625709,,,,,1.36,5.6,9,1,,0.7808199472,0.067060424,0.1521196287,1.061915128192,0.3755383744,1.3690766583,,1156.77903130827,3.0632504076565
Lyon,Nantes,176.40702053,,,,,,,,1,,0.6223374771,0.1522342396,0.2254282832,,,,,1156.77903130827,3.0632504076565
Angers,Marseille,-123.6002129,,,,,3.3,3.15,2.59,1,,0.2439546335,0.2590989037,0.4969464627,0.80505029055,0.816161546655,1.287091338393,,1156.77903130827,3.0632504076565
Monaco,SaintEtienne,61.643288163,,,,,1.65,4.35,5.8,2,,0.3630560382,0.3823398319,0.2546041298,0.59904246303,1.663178268765,1.47670395284,,1066.12828874694,3.02780946711327
Brest,Nice,-15.00553256,,,,,2.43,3.65,3.1,1,,0.2704071079,0.4347898675,0.2948030245,0.657089272197,1.586983016375,0.91388937595,,1066.12828874694,3.02780946711327
Nantes,Rennes,-90.4145668,,,,,4.05,3.55,2.05,2,,0.2492613956,0.3312777479,0.4194608564,1.00950865218,1.176036005045,0.85989475562,,1066.12828874694,3.02780946711327
Metz,Bordeaux,-22.6586169,,,,,2.8,3.15,2.95,2,,0.267123252,0.4285373091,0.3043394388,0.7479451056,1.349892523665,0.89780134446,,1507.12722807515,3.1781499159634
Strasbourg,Nimes,45.120281202,,,,,1.5,4.8,8.2,1,,0.3358833398,0.4050641768,0.2590524833,0.5038250097,1.94430804864,2.12423036306,,2007.20259453945,3.30259120968232
Lyon,Lens,192.49101811,,,,,1.53,4.8,6.5,1,,0.6549975091,0.1287246112,0.2162778796,1.002146188923,0.61787813376,1.4058062174,,2007.20259453945,3.30259120968232
Lorient,Monaco,-24.73280958,,,,,4.5,4,1.85,3,,0.2662790669,0.4266992484,0.3070216846,1.19825580105,1.7067969936,0.56799011651,,2007.20259453945,3.30259120968232
Lille,Angers,160.17613884,,,,,1.88,3.48,5.3,3,,0.5860085761,0.1809336333,0.2330577905,1.101696123068,0.629649043884,1.23520628965,,2007.20259453945,3.30259120968232
SaintEtienne,PSG,-209.3288666,,,,,11.5,6.35,1.3,2,,0.2053930223,0.1092641815,0.6853427961,2.36201975645,0.693827552525,0.89094563493,,2578.38612828768,3.4113479560071
Reims,Dijon,130.44486627,,,,,1.93,3.55,4.7,2,,0.5138318323,0.2436697886,0.242498379,0.991695436339,0.86502774953,1.1397423813,,2578.38612828768,3.4113479560071
Marseille,Montpellier,75.368751152,,,,,2.27,3.3,3.75,1,,0.3885065314,0.3597394297,0.2517540388,0.881909826278,1.18714011801,0.9440776455,,2427.64494955817,3.38518517016146
Montpellier,Nantes,109.86379622,,,,,2.32,3.5,3.7,2,,0.4636858657,0.2899574404,0.2463566938,1.075751208424,1.0148510414,0.91151976706,,2366.78989468202,3.37415970633203
PSG,Brest,348.87572137,,,,,1.19,8.65,16,1,,0.8312660369,0.0571631152,0.1115708478,0.989206583911,0.49446094648,1.7851335648,,2087.29342926123,3.31958350596591
Bordeaux,Lorient,77.64127864,,,,,2.27,3.45,3.8,1,,0.3929795409,0.3556774881,0.2513429709,0.892063557843,1.227087333945,0.95510328942,,2087.29342926123,3.31958350596591
Rennes,Lyon,-55.34624747,,,,,3.95,3.7,2,2,,0.2561573884,0.3915751697,0.3522674418,1.01182168418,1.44882812789,0.7045348836,,2012.59572850096,3.30375654661555
Monaco,Angers,29.252213126,,,,,1.75,3.9,5.75,1,,0.3130188237,0.4224724999,0.2645086763,0.547782941475,1.64764274961,1.520924888725,,2012.59572850096,3.30375654661555
Reims,SaintEtienne,23.138745103,,,,,2.82,3.15,2.9,1,,0.3049564875,0.4281174291,0.2669260833,0.85997729475,1.348569901665,0.77408564157,,2012.59572850096,3.30375654661555
Dijon,Marseille,-176.3424326,,,,,5,3.73,1.92,2,,0.2254620315,0.1523386982,0.6221992702,1.1273101575,0.568223344286,1.194622598784,,1756.31071727871,3.24460135146882
Nimes,Lille,-138.517432,,,,,7.75,4.45,1.52,3,,0.2404775956,0.2257351482,0.5337872561,1.8637013659,1.00452140949,0.811356629272,,2023.35219730764,3.30607148535811
Metz,Nice,-45.63477482,,,,,2.92,3.2,2.8,2,,0.2588953817,0.4044293301,0.3366752881,0.755974514564,1.29417385632,0.94269080668,,2023.35219730764,3.30607148535811
Montpellier,Monaco,93.532153629,,,,,4.15,4,1.85,3,,0.4262554333,0.3249507722,0.2487937944,1.768960048195,1.2998030888,0.46026851964,,2717.55672516227,3.43417861813748
Lens,Strasbourg,22.268121487,,,,,2.45,3.4,3.2,3,,0.303839268,0.4288763408,0.2672843911,0.7444062066,1.45817955872,0.85531005152,,2717.55672516227,3.43417861813748
Marseille,Nimes,157.91418791,,,,,1.41,4.9,8.5,3,,0.5807169063,0.1853029517,0.2339801419,0.818810837883,0.90798446333,1.98883120615,,2290.14992755216,3.35986391490635
Angers,PSG,-226.7203738,,,,,9,5.4,1.36,3,,0.1932543866,0.094006988,0.7127386253,1.7392894794,0.5076377352,0.969324530408,,2290.14992755216,3.35986391490635
Brest,Rennes,-46.24008707,,,,,3.35,3.6,2.2,3,,0.2587121238,0.4036765569,0.3376113192,0.86668561473,1.45323560484,0.74274490224,,2290.14992755216,3.35986391490635
Nice,Bordeaux,24.57134158,,,,,,,,3,,0.3068113275,0.4268446001,0.2663440723,,,,,2290.14992755216,3.35986391490635
Strasbourg,SaintEtienne,13.755475237,,,,,2.2,3.25,3.7,1,,0.2932967252,0.4357349503,0.2709683244,0.64525279544,1.416138588475,1.00258280028,,2290.14992755216,3.35986391490635
Lille,Reims,144.46267553,,,,,1.67,3.8,6,1,,0.5483955301,0.2128578577,0.2387466121,0.915820535267,0.80885985926,1.4324796726,,1946.41694557393,3.28923587692215
Nantes,Lens,46.121134692,,,,,3.7,3.25,2.35,2,,0.3374270089,0.4038249887,0.2587480023,1.24847993293,1.312431213275,0.608057805405,,1946.41694557393,3.28923587692215
Marseille,Lens,131.05987482,,,,,2.2,3.6,3.95,3,,0.5153528865,0.2422904159,0.2423566975,1.1337763503,0.87224549724,0.957308955125,,1726.62046997151,3.23719688538956
Lyon,Metz,165.00182083,,,,,1.3,6,11,3,,0.5971255237,0.1719015465,0.2309729297,0.77626318081,1.031409279,2.5407022267,,1425.19806070922,3.15387522272763
PSG,Montpellier,250.64023936,,,,,1.22,8.75,18.5,1,,0.7447252588,0.0793222234,0.1759525177,0.908564815736,0.69406945475,3.25512157745,,1425.19806070922,3.15387522272763
Monaco,Marseille,-42.77523166,,,,,2,4,4.8,1,,0.2597841939,0.4079001494,0.3323156566,0.5195683878,1.6316005976,1.59511515168,,1425.19806070922,3.15387522272763
Bordeaux,Angers,-26.45230524,,,,,2.58,3.25,3.2,1,,0.2655942957,0.4251273637,0.3092783405,0.685233282906,1.381663932025,0.9896906896,,1425.19806070922,3.15387522272763
Lens,Nice,-53.26980129,,,,,2.22,3.55,3.95,3,,0.2567070729,0.3944641237,0.3488288033,0.569889701838,1.400347639135,1.377873773035,,1188.36669330043,3.07495047120421
Reims,Brest,126.7423947,,,,,2.55,3.4,3,1,,0.5046848851,0.2520026762,0.2433124386,1.286946457005,0.85680909908,0.7299373158,,963.872181683052,2.98401944627815
Dijon,Strasbourg,-33.86023161,,,,,4,3.5,2.15,2,,0.2628019546,0.4178390378,0.3193590075,1.0512078184,1.4624366323,0.686621866125,,1326.55695654994,3.122725901423
Metz,Nantes,21.54573711,,,,,2.6,3.25,3.2,1,,0.3029179494,0.4294977277,0.2675843228,0.78758666844,1.395867615025,0.85626983296,,1959.71744294674,3.29219345818547
Rennes,Lille,9.3869992299,,,,,3.1,3.15,2.77,3,,0.2881396537,0.4388773905,0.2729829557,0.89323292647,1.382463780075,0.756162787289,,1682.13697019443,3.22586135589573
Lorient,Dijon,33.66436414,,,,,2.25,3.5,3.45,1,,0.3190847221,0.4180428113,0.2628724665,0.717940624725,1.46314983955,0.906910009425,,1443.54311194988,3.15942975877604
SaintEtienne,Lyon,-105.7871611,,,,,7.2,4.6,1.62,3,,0.2469833058,0.2989334232,0.4540832709,1.77827980176,1.37509374672,0.735614898858,,1225.4901917429,3.08830983970969
Lyon,Bordeaux,122.22366183,,,,,1.4,5.35,8.35,1,,0.4935667759,0.2622101107,0.2442231133,0.69099348626,1.402824092245,2.039262996055,,1225.4901917429,3.08830983970969
Nice,SaintEtienne,41.035135713,,,,,2.44,3.5,3.15,3,,0.329712247,0.4099439528,0.2603438001,0.80449788268,1.4348038348,0.820082970315,,1225.4901917429,3.08830983970969
Montpellier,Lens,89.663769856,,,,,3.2,3.3,2.45,3,,0.417843243,0.3327811564,0.2493756005,1.3370983776,1.09817781612,0.610970221225,,1056.42604052729,3.0238390978718
Brest,Metz,24.688360927,,,,,1.95,3.55,4.35,3,,0.3069637514,0.426739299,0.2662969495,0.59857931523,1.51492451145,1.158391730325,,849.909095485677,2.92937247696113
Strasbourg,Reims,4.116465548,,,,,2.15,3.25,4,3,,0.2821283025,0.4423501989,0.2755214985,0.606575850375,1.437638146425,1.102085994,,706.405730339684,2.84905421356613
Angers,Nimes,57.571137171,,,,,1.7,4.1,5.8,1,,0.3560168621,0.3883938045,0.2555893333,0.60522866557,1.59241459845,1.48241813314,,594.92253493411,2.7744604197775
Lorient,PSG,-306.395501,,,,,16.2,9.5,1.19,1,,0.1372107827,0.0622603555,0.8005288617,2.22281467974,0.59147337725,0.952629345423,,594.92253493411,2.7744604197775
Lille,Dijon,275.66851059,,,,,1.37,5.25,11,1,,0.7724931992,0.0694826779,0.1580241228,1.058315682904,0.364784058975,1.7382653508,,594.92253493411,2.7744604197775
Nantes,Monaco,8.4894059805,,,,,5.05,3.95,1.76,3,,0.287100014,0.4394929423,0.2734070436,1.4498550707,1.735997122085,0.481196396736,,594.92253493411,2.7744604197775
Bordeaux,Lille,-96.60071827,,,,,4.1,3.25,2.15,3,,0.2483407792,0.3185974622,0.4330617585,1.01819719472,1.03544175215,0.931082780775,,594.92253493411,2.7744604197775
Rennes,Lorient,189.45220979,,,,,1.65,4.1,5.9,2,,0.649100722,0.1327862697,0.2181130082,1.0710161913,0.54442370577,1.28686674838,,520.894645847315,2.71674989344553
Metz,Montpellier,-7.316949199,,,,,2.75,3.15,3.07,2,,0.2739661285,0.4402818932,0.2857519782,0.753406853375,1.38688796358,0.877258573074,,489.035653427042,2.68934052276815
Reims,Angers,30.019999623,,,,,2.67,3.11,3.1,2,,0.3140590974,0.4217235241,0.2642173784,0.838537790058,1.311560159951,0.81907387304,,648.398458159189,2.8118419734594
Strasbourg,Brest,104.68065221,,,,,2.2,3.25,3.5,2,,0.4515038547,0.3013465907,0.2471495545,0.99330848034,0.979376419775,0.86502344075,,801.915317379757,2.90412850901177
PSG,Nimes,315.38164097,,,,,1.15,11,23,1,,0.8077152292,0.0608215799,0.1314631908,0.92887251358,0.6690373789,3.0236533884,,757.083810959847,2.87914395958277
Dijon,Lyon,-214.9207213,,,,,9.5,6.3,1.37,3,,0.2015646869,0.1038649446,0.6945703684,1.91486452555,0.65434915098,0.951561404708,,757.083810959847,2.87914395958277
SaintEtienne,Nantes,81.844375272,,,,,2.08,3.45,4,2,,0.4014449321,0.3479354626,0.2506196052,0.835005458768,1.20037734597,1.0024784208,,757.083810959847,2.87914395958277
Monaco,Nice,38.834713983,,,,,1.5,4.8,6.75,1,,0.3264726673,0.4124554852,0.2610718474,0.48970900095,1.97978632896,1.76223496995,,739.943443170389,2.86919852613951
Lens,Marseille,-129.3871214,,,,,2.42,3.3,3.4,2,,0.2427376477,0.2460457582,0.511216594,0.587425107434,0.81195100206,1.7381364196,,739.943443170389,2.86919852613951
Lorient,Reims,-60.38587158,,,,,3.05,3.25,2.67,1,,0.2549009694,0.3842411731,0.3608578574,0.77744795667,1.248783812575,0.963490479258,,597.086037390389,2.77603691550399
Lyon,Strasbourg,171.80674964,,,,,1.4,5.55,9,1,,0.6123597715,0.1598737652,0.2277664632,0.8573036801,0.88729939686,2.0498981688,,504.804644558183,2.7031233420695
Lens,Rennes,-120.2682152,,,,,2.85,3.25,2.82,2,,0.2445920841,0.2666284688,0.488779447,0.697087439685,0.8665425236,1.37835804054,,504.804644558183,2.7031233420695
Brest,Bordeaux,6.6644188189,,,,,2.8,3.45,2.83,1,,0.2850065582,0.4407136528,0.2742797889,0.79801836296,1.52046210216,0.776211802587,,613.765174067198,2.78800224229141
Montpellier,Dijon,157.78476109,,,,,1.75,3.95,5.1,1,,0.5804126613,0.1855554836,0.234031855,1.015722157275,0.73294416022,1.1935624605,,504.976306591215,2.70327100156799
Nice,Angers,1.0988759951,,,,,3,3.25,2.7,1,,0.27878437,0.4441891832,0.2770264467,0.83635311,1.4436148454,0.74797140609,,474.889106014842,2.67659220695429
SaintEtienne,Metz,21.074289343,,,,,2.4,3.25,3.3,1,,0.3023194232,0.4298992266,0.2677813501,0.72556661568,1.39717248645,0.88367845533,,399.06387410079,2.60104241435679
Nimes,Monaco,-60.3013207,,,,,7.3,4.9,1.48,3,,0.2549211632,0.3843679972,0.3607108395,1.86092449136,1.88340318628,0.53385204246,,342.311217689417,2.53442113139259
Nantes,Lille,-120.1980494,,,,,5.1,3.62,1.86,3,,0.2446050652,0.2667869391,0.4886079956,1.24748583252,0.965768719542,0.908810871816,,342.311217689417,2.53442113139259
Marseille,PSG,-159.9509617,,,,,7.3,5.3,1.45,3,,0.2331511852,0.181364814,0.5854840007,1.70200365196,0.9612335142,0.848951801015,,295.994210201218,2.47128321611889
PSG,Nice,235.16723511,,,,,1.34,6.75,11.5,1,,0.7247295055,0.0880911788,0.1871793156,0.97113753737,0.5946154569,2.1525621294,,295.994210201218,2.47128321611889
Lyon,Montpellier,148.53541497,,,,,1.43,5.15,7.5,3,,0.5583114765,0.2042571976,0.2374313258,0.798385411395,1.05192456764,1.7807349435,,295.994210201218,2.47128321611889
Monaco,Lorient,182.4114902,,,,,1.43,5.25,8.1,2,,0.634944316,0.1428746854,0.2221809985,0.90797037188,0.75009209835,1.79966608785,,295.994210201218,2.47128321611889
Reims,Lens,57.508388702,,,,,3.25,3.1,2.66,2,,0.355910189,0.3884847495,0.2556050614,1.15670811425,1.20430272345,0.679909463324,,295.994210201218,2.47128321611889
Rennes,SaintEtienne,92.268277277,,,,,1.96,3.55,4.5,3,,0.4234859714,0.3275318085,0.24898222,0.830032503944,1.162737920175,1.12041999,,267.708257989949,2.4276617680646
Angers,Nantes,62.501113162,,,,,2.21,3.1,4.1,3,,0.3645683623,0.3810263143,0.2544053233,0.805696080683,1.18118157433,1.04306182553,,321.160742418972,2.50672245319195
Dijon,Nimes,-5.423399834,,,,,,,,3,,0.2748812265,0.441520502,0.2835982714,,,,,352.824756259573,2.54755905018348
Metz,Strasbourg,27.219913033,,,,,3.1,3,2.75,3,,0.310295607,0.4244113601,0.2652930328,0.9619163817,1.2732340803,0.7295558402,,352.824756259573,2.54755905018348
Lille,Brest,267.74916829,,,,,1.63,4.3,6.75,2,,0.7642513644,0.0721184955,0.16363014,1.245729723972,0.31010953065,1.104503445,,317.251034717249,2.50140304722461
Bordeaux,Marseille,-98.54310862,,,,,2.67,3.25,3.1,2,,0.2480557541,0.3145157439,0.4374285019,0.662308863447,1.022176167675,1.35602835589,,317.251034717249,2.50140304722461
Marseille,Nice,39.552386839,,,,,2.52,3.5,3.55,1,,0.3275228824,0.4116452323,0.2608318852,0.825357663648,1.44075831305,0.92595319246,,404.588221108152,2.60701323488017
Brest,Lyon,-134.6871094,,,,,6.25,4.9,1.53,3,,0.241481049,0.2341936347,0.5243253162,1.50925655625,1.14754881003,0.802217733786,,347.636067937883,2.54112482903606
Montpellier,Rennes,-38.9841449,,,,,3.35,2.35,2.42,1,,0.2610216832,0.4122874838,0.3266908329,0.87442263872,0.96887558693,0.790591815618,,347.636067937883,2.54112482903606
SaintEtienne,Reims,37.87347859,,,,,2.25,3.2,3.9,2,,0.3250756105,0.4135273344,0.261397055,0.731420123625,1.32328747008,1.0194485145,,347.636067937883,2.54112482903606
Nantes,Marseille,-111.4717558,,,,,2.7,3.2,3.1,2,,0.2461017176,0.2863849135,0.4675133688,0.66447463752,0.9164317232,1.44929144328,,432.133374552048,2.63561780906536
Nice,Metz,14.571728511,,,,,2.25,3.3,3.8,3,,0.2942787198,0.4351201932,0.2706010869,0.66212711955,1.43589663756,1.02828413022,,379.636468953679,2.57936792531633
Lens,Dijon,94.654059327,,,,,1.55,4.4,7.5,1,,0.4287305396,0.3226418978,0.2486275625,0.66453233638,1.41962435032,1.86470671875,,320.795288455243,2.50622798114294
Strasbourg,Angers,1.1283470198,,,,,2.36,3.2,3.6,2,,0.278816697,0.4441717318,0.2770115711,0.65800740492,1.42134954176,0.99724165596,,320.795288455243,2.50622798114294
Nimes,Bordeaux,-71.3730348,,,,,3.3,3.45,2.4,1,,0.2525152105,0.3666644547,0.3808203347,0.83330019465,1.264992368715,0.91396880328,,429.322598071208,2.63278374885523
Lorient,Lille,-143.2272247,,,,,5.25,3.65,1.85,3,,0.2391244164,0.2155046536,0.5453709299,1.2554031861,0.78659198564,1.008936220315,,356.934532460837,2.55258856681722
PSG,Monaco,262.06798158,,,,,1.67,4.3,5.7,3,,0.7580409651,0.0742630278,0.167696007,1.265928411717,0.31933101954,0.9558672399,,319.33981673953,2.50425307172512
Nimes,Lorient,33.353146818,,,,,3.45,3.58,2.48,1,,0.3186497932,0.4183653303,0.2629848764,1.09934178654,1.497747882474,0.652202493472,,212.80676231439,2.32798542432396
Bordeaux,Metz,-17.23560021,,,,,2.5,3.15,3.41,3,,0.2694230621,0.4330517293,0.2975252085,0.67355765525,1.364112947295,1.014560960985,,178.954234083961,2.25274197832002
Dijon,PSG,-307.8711108,,,,,13,7.1,1.26,3,,0.1362555747,0.0620071844,0.8017372408,1.7713224711,0.44025100924,1.010188923408,,151.404668909581,2.18013926783515
Monaco,Brest,173.96416422,,,,,1.49,5.2,7.7,1,,0.6170726065,0.1562407892,0.2266866042,0.919438183685,0.81245210384,1.74548685234,,151.404668909581,2.18013926783515
Lorient,SaintEtienne,-39.56590801,,,,,3.05,3.28,2.6,1,,0.2608273875,0.4116298846,0.3275427278,0.795523531875,1.350146021488,0.85161109228,,151.404668909581,2.18013926783515
Rennes,Nice,54.086324383,,,,,1.88,3.55,5.1,3,,0.3501740488,0.3933373041,0.256488647,0.658327211744,1.396347429555,1.3080920997,,126.083359217371,2.10065777113321
Reims,Montpellier,17.777378476,,,,,2.82,3.2,2.85,2,,0.298193433,0.4326192283,0.2691873386,0.84090548106,1.38438153056,0.76718391501,,172.950538622206,2.23792191888168
Nimes,Nantes,-19.14303652,,,,,3.2,3.39,2.45,2,,0.268598993,0.4315110157,0.2998899912,0.8595167776,1.462822343223,0.73473047844,,226.226276333926,2.35454304711493
Angers,Lens,28.038958743,,,,,3.15,3.1,2.72,2,,0.3113878433,0.4236375496,0.264974607,0.980871706395,1.31327640376,0.72073093104,,324.152491007879,2.51074936336548
Lille,Strasbourg,182.09318874,,,,,1.78,3.8,6.55,2,,0.6342881941,0.1433533466,0.2223584592,1.129032985498,0.54474271708,1.45644790776,,401.678096582839,2.60387815039594
Marseille,Lyon,-94.67384332,,,,,5.6,4.65,1.73,2,,0.2486246384,0.3226010355,0.428774326,1.39229797504,1.500094815075,0.74177958398,,401.678096582839,2.60387815039594
SaintEtienne,Lens,62.039012731,,,,,2.95,3.53,2.85,3,,0.3637524083,0.3817355437,0.2545120479,1.073069604485,1.347526469261,0.725359336515,,401.678096582839,2.60387815039594
Lyon,Rennes,60.333502528,,,,,1.77,4,5.5,1,,0.3607667858,0.3843197406,0.2549134735,0.638557210866,1.5372789624,1.40202410425,,364.855409196332,2.5621207893079
Nice,Nimes,55.643977022,,,,,1.9,3.63,4.9,1,,0.3527652678,0.391154605,0.2560801271,0.67025400882,1.41989121615,1.25479262279,,364.855409196332,2.5621207893079
Brest,Dijon,148.1320469,,,,,1.81,4,5,1,,0.5573335911,0.2050999621,0.2375664467,1.008773799891,0.8203998484,1.1878322335,,335.21692738074,2.52532594099175
Metz,Angers,-12.89568523,,,,,2.7,3.05,3.18,3,,0.2713583041,0.4363729812,0.2922687146,0.73266742107,1.33093759266,0.929414512428,,314.261319939109,2.49729093026745
Montpellier,Lorient,161.32276375,,,,,2.05,3.7,4.1,2,,0.5886719462,0.1787512327,0.232576821,1.20677748971,0.66137956099,0.9535649661,,270.241930406271,2.43175273451304
Lille,Marseille,69.202481708,,,,,1.85,3.8,6,1,,0.3767406746,0.3703083799,0.2529509454,0.69697024801,1.40717184362,1.5177056724,,204.990352973169,2.31173342325525
Bordeaux,PSG,-250.4944931,,,,,7.75,4.6,1.55,3,,0.1760582588,0.0793938543,0.7445478868,1.3644515057,0.36521172978,1.15404922454,,204.990352973169,2.31173342325525
Nantes,Reims,-25.24258603,,,,,2.65,3.05,3.45,3,,0.2660746262,0.4262378222,0.3076875515,0.70509775943,1.30002535771,1.061522052675,,204.990352973169,2.31173342325525
Strasbourg,Monaco,-23.42767341,,,,,4.5,3.95,1.88,1,,0.2668079423,0.4278631407,0.3053289169,1.20063574035,1.690059405765,0.574018363772,,176.045026534263,2.24562376028246
Marseille,Rennes,7.2119260721,,,,,2.97,3.2,2.75,1,,0.285631773,0.440351736,0.2740164909,0.84832636581,1.4091255552,0.753545349975,,176.045026534263,2.24562376028246
Reims,Lyon,-131.1570353,,,,,7.5,4.65,1.52,2,,0.2423341393,0.2420726512,0.5155932094,1.81750604475,1.12563782808,0.783701678288,,149.68388844517,2.17517505661612
Marseille,Brest,184.31015308,,,,,2.02,3.5,4.25,1,,0.6388292948,0.1400601675,0.2211105376,1.290435175496,0.49021058625,0.9397197848,,149.68388844517,2.17517505661612
Angers,SaintEtienne,15.78569766,,,,,2.5,3.3,3.45,3,,0.2957502061,0.4341894527,0.2700603411,0.73937551525,1.43282519391,0.931708176795,,196.028705645435,2.29231967232883
Nimes,Montpellier,-66.45692271,,,,,4.3,3.65,2.11,2,,0.253526222,0.3747972019,0.371676576,1.0901627546,1.368009786935,0.78423757536,,165.881884965754,2.21979896173885
Rennes,Strasbourg,74.22317503,,,,,2.17,3.35,3.85,1,,0.3862795761,0.3617533406,0.2519670832,0.838226680137,1.21187369101,0.97007327032,,165.881884965754,2.21979896173885
Lorient,Nice,-52.96828686,,,,,2.5,3.4,3.15,2,,0.2567884799,0.3948772099,0.3483343101,0.64197119975,1.34258251366,1.097253076815,,160.065700932591,2.20429828075408
Dijon,Bordeaux,-63.67315797,,,,,3.6,3.45,2.32,3,,0.2541384714,0.3792101616,0.3666513669,0.91489849704,1.30827505752,0.850631171208,,227.207515638153,2.35642269299934
Lens,Metz,-42.55391131,,,,,2.02,3.4,4.5,2,,0.2598545803,0.4081629476,0.331982472,0.524906252206,1.38775402184,1.493921124,,187.717660333882,2.27350513263604
Monaco,Lille,-32.72407591,,,,,2.6,3.25,3.25,2,,0.2632134869,0.4190125368,0.3177739762,0.68435506594,1.3617907446,1.03276542265,,187.717660333882,2.27350513263604
SaintEtienne,Monaco,19.623594806,,,,,4.9,3.8,1.92,3,,0.3004911761,0.4311148648,0.268393959,1.47240676289,1.63823648624,0.51531640128,,257.594227991585,2.41093612740094
PSG,Nantes,282.89405929,,,,,1.25,7.45,15,3,,0.7796206934,0.0673945323,0.1529847742,0.97452586675,0.502089265635,2.294771613,,257.594227991585,2.41093612740094
Metz,Rennes,-83.40295805,,,,,3.85,3.15,2.39,3,,0.2503622193,0.3449909085,0.4046468721,0.963894544305,1.086721361775,0.967106024319,,257.594227991585,2.41093612740094
Nice,Marseille,-62.50008977,,,,,3.35,3.4,2.47,1,,0.2544055587,0.3810278893,0.3645665519,0.852258621645,1.29549482362,0.900479383193,,225.398501624786,2.3529510246726
Strasbourg,Lens,16.800534988,,,,,2.85,3.3,2.87,3,,0.2969905681,0.4333961271,0.2696133047,0.846423119085,1.43020721943,0.773790184489,,187.183392747143,2.27226731471076
Brest,Angers,18.945049745,,,,,2.52,3.25,3.2,2,,0.2996429442,0.431673287,0.2686837687,0.755100219384,1.40293818275,0.85978805984,,158.59259492799,2.20028290519475
Montpellier,Bordeaux,59.081746382,,,,,2.32,3.4,3.6,1,,0.358601288,0.3861829579,0.255215754,0.83195498816,1.31302205686,0.9187767144,,210.225167219617,2.32268470660342
Nantes,Lorient,69.773762655,,,,,2.35,3.15,3.5,2,,0.377807898,0.3693574323,0.2528346696,0.8878485603,1.163475911745,0.8849213436,,192.179035093014,2.28370600851447
Dijon,Reims,-100.0451705,,,,,3.7,3.4,2.25,3,,0.2478353955,0.3113294115,0.4408351929,0.91699096335,1.0585199991,0.991879184025,,201.558920555391,2.30440202383489
Lyon,PSG,-96.86433174,,,,,3.35,4,2.17,3,,0.2483020556,0.3180461534,0.4336517909,0.83181188626,1.2721846136,0.941024386253,,173.820033225063,2.24009982860121
Lille,Nimes,220.2387751,,,,,1.37,5.3,12,3,,0.7029718795,0.0991758607,0.1978522597,0.963071474915,0.52563206171,2.3742271164,,173.820033225063,2.24009982860121
Monaco,Metz,63.878529859,,,,,1.55,4.6,7,1,,0.367018355,0.378889371,0.2540922739,0.56887845025,1.7428911066,1.7786459173,,173.820033225063,2.24009982860121
PSG,Lille,117.22520061,,,,,1.78,4,5.45,3,,0.4813675436,0.2734926702,0.2451397861,0.856834227608,1.0939706808,1.336011834245,,173.820033225063,2.24009982860121
Lens,Lyon,-178.6125776,,,,,4.65,4.3,1.77,2,,0.2242605085,0.1487153725,0.6270241189,1.042811364525,0.63947610175,1.109832690453,,249.260038598657,2.3966526579374
Lorient,Brest,79.804213821,,,,,2.3,3.45,3.3,1,,0.3973048335,0.3517300764,0.25096509,0.91380111705,1.21346876358,0.828184797,,327.675833085919,2.51544441225678
Angers,Montpellier,-18.29225839,,,,,2.85,3.2,2.7,2,,0.2689645367,0.4322044499,0.2988310133,0.766548929595,1.38305423968,0.80684373591,,318.2847869749,2.50281588118856
Bordeaux,Strasbourg,7.9246811477,,,,,2.9,3.15,2.7,3,,0.2864493202,0.4398750708,0.2736756089,0.83070302858,1.38560647302,0.73892414403,,430.442654972864,2.63391530146281
Reims,Rennes,-28.83687254,,,,,3.8,3.12,2.2,2,,0.2646674066,0.4228738776,0.3124587157,1.00573614508,1.319366498112,0.68740917454,,368.883548403085,2.5668892868422
Marseille,Dijon,224.33009564,,,,,1.53,4.5,7,1,,0.709195831,0.0958462256,0.1949579433,1.08506962143,0.4313080152,1.3647056031,,486.379241255364,2.68697503090153
Nimes,SaintEtienne,-49.50745475,,,,,3.25,3.4,2.4,3,,0.2577521612,0.3995029772,0.3427448615,0.8376945239,1.35831012248,0.8225876676,,486.379241255364,2.68697503090153
Nantes,Nice,-54.96192771,,,,,2.5,3.25,3.15,3,,0.2562576937,0.3921156971,0.3516266091,0.64064423425,1.274376015575,1.107623818665,,400.59962456407,2.60271053794351
Strasbourg,PSG,-250.4585604,,,,,5,4.1,1.7,3,,0.1760843296,0.0794115438,0.7445041265,0.880421648,0.32558732958,1.26565701505,,337.471028620201,2.52823649523981
Metz,Lille,-163.281382,,,,,6.85,3.75,1.68,3,,0.2317344369,0.1750752748,0.5931902882,1.587380892765,0.6565322805,0.996559684176,,372.544848294955,2.57117856217048
Nice,Reims,4.7971095982,,,,,2.15,3.3,3.8,2,,0.2828921894,0.4419206399,0.2751871706,0.60821820721,1.45833811167,1.04571124828,,372.544848294955,2.57117856217048
SaintEtienne,Bordeaux,32.408602763,,,,,2.3,3.15,3.75,1,,0.3173364246,0.4193347406,0.2633288347,0.72987377658,1.32090443289,0.987483130125,,512.212204841571,2.70944992249672
Rennes,Nantes,80.745383089,,,,,1.93,3.6,4.6,1,,0.3992075035,0.3499880463,0.2508044501,0.770470481755,1.25995696668,1.15370047046,,453.984067411395,2.65704061154272
Montpellier,Marseille,-3.534621716,,,,,2.55,3.4,2.9,2,,0.275808802,0.4427130556,0.2814781423,0.7033124451,1.50522438904,0.81628661267,,425.19952527235,2.62859277096952
Brest,Nimes,65.893992079,,,,,1.96,3.75,3.85,2,,0.370651522,0.3757008486,0.2536476293,0.72647698312,1.40887818225,0.976543372805,,606.989830682092,2.7831814151022
Monaco,Dijon,233.02161136,,,,,1.2,8.5,17,1,,0.7217597166,0.0895112955,0.1887289878,0.86611165992,0.76084601175,3.2083927926,,776.603731358438,2.8901994728756
Lens,Lorient,82.553985848,,,,,2.25,3.45,3.6,1,,0.4028985703,0.346599681,0.2505017486,0.906521783175,1.19576889945,0.90180629496,,776.603731358438,2.8901994728756
Lyon,Angers,130.10982257,,,,,,,,1,,0.5130033227,0.2444219109,0.2425747663,0,0,0,,761.493074370016,2.88166595786699
Angers,Rennes,-68.0250935,,,,,5,3.7,2.28,3,,0.2531942651,0.3722498727,0.3745558621,1.2659713255,1.37732452899,0.853987365588,,761.493074370016,2.88166595786699
Lille,Montpellier,134.24961139,,,,,1.64,4,5.6,2,,0.523243335,0.2351662628,0.2415904021,0.8581190694,0.9406650512,1.35290625176,,761.493074370016,2.88166595786699
PSG,SaintEtienne,210.98362318,,,,,1.31,6,10.2,1,,0.6881163161,0.1076145263,0.2042691575,0.901432374091,0.6456871578,2.0835454065,,688.620086885997,2.83797968682133
Marseille,Lorient,197.60073606,,,,,2.15,3.6,3.95,1,,0.6646213684,0.1222840239,0.2130946076,1.42893594206,0.44022248604,0.84172370002,,688.620086885997,2.83797968682133
Brest,Lens,20.735822355,,,,,3.12,3.45,2.65,2,,0.3018910541,0.4301855198,0.267923426,0.941900088792,1.48414004331,0.7099970789,,986.651454299859,2.99416376036168
Dijon,Nice,-124.8619958,,,,,4.7,3.9,1.9,1,,0.2437018099,0.2562478303,0.5000503597,1.14539850653,0.99936653817,0.95009568343,,1383.46321086407,3.14096761484585
Reims,Metz,23.559707722,,,,,2.6,3.12,3.22,2,,0.3054993871,0.4277465307,0.2667540821,0.79429840646,1.334569175784,0.858948144362,,1172.63617126546,3.06916328635118
Nimes,Strasbourg,-42.41527475,,,,,,,,2,,0.2598987878,0.4083271419,0.3317740702,0,0,0,,1478.08645779071,3.16969983801229
Reims,Marseille,-29.77762578,,,,,3.85,3.55,2.55,3,,0.2643090367,0.4219609439,0.3137300193,1.017589791295,1.497961350845,0.800011549215,,1478.08645779071,3.16969983801229
Bordeaux,Monaco,-48.32423144,,,,,6.5,4.2,1.68,3,,0.2580941222,0.4010359466,0.3408699311,1.6776117943,1.68435097572,0.572661484248,,1188.27921403908,3.07491850029901
Nantes,Lyon,-194.3248063,,,,,7,5,1.55,3,,0.215149036,0.1263575733,0.6584933906,1.506043252,0.6317878665,1.02066475543,,1188.27921403908,3.07491850029901
SaintEtienne,Brest,141.46719429,,,,,2.06,3.5,3.8,3,,0.5410510325,0.2193029344,0.239646033,1.11456512695,0.7675602704,0.9106549254,,1188.27921403908,3.07491850029901
Metz,PSG,-291.3250758,,,,,14,7,1.45,3,,0.1472103535,0.0652887711,0.7875008753,2.060944949,0.4570213977,1.141876269185,,986.599172436339,2.99414074683818
Lorient,Bordeaux,4.3706471269,,,,,2.25,3.5,3.5,1,,0.2824131493,0.4421904271,0.2753964235,0.635429585925,1.54766649485,0.96388748225,,986.599172436339,2.99414074683818
Rennes,Dijon,216.06311881,,,,,1.47,5.5,10,1,,0.6964054407,0.1028219984,0.2007725608,1.023715997829,0.5655209912,2.007725608,,805.490956423599,2.90606066878084
Nice,Montpellier,10.045242343,,,,,2.85,3.5,3.2,1,,0.2889063231,0.4384195436,0.2726741332,0.823383020835,1.5344684026,0.87255722624,,805.490956423599,2.90606066878084
Lens,Nimes,33.409102082,,,,,1.86,3.75,5.25,1,,0.3187279109,0.418307457,0.262964632,0.592833914274,1.56865296375,1.380564318,,660.94199833591,2.82016334918624
Strasbourg,Nantes,17.514807377,,,,,2.25,3.45,4.25,3,,0.2978692401,0.4328293425,0.2693014173,0.670205790225,1.493261231625,1.144531023525,,660.94199833591,2.82016334918624
Angers,Monaco,-41.39710906,,,,,9.5,5,1.82,3,,0.2602262192,0.4095230216,0.3302507591,2.4721490824,2.047615108,0.601056381562,,550.089786147336,2.74043358121402
Marseille,Strasbourg,114.61131986,,,,,1.88,3.9,4.75,2,,0.4750447625,0.2793677508,0.2455874866,0.8930841535,1.08953422812,1.16654056135,,550.089786147336,2.74043358121402
Lyon,Lille,7.9740036142,,,,,2.1,3.55,3.85,3,,0.2865060471,0.4398418538,0.273652099,0.60166269891,1.56143858099,1.05356058115,,513.005429221067,2.71012196134627
Bordeaux,Rennes,-108.3216925,,,,,5.05,4.15,1.75,1,,0.2465967311,0.2933675571,0.4600357117,1.245313492055,1.217475361965,0.805062495475,,417.764508135344,2.62093154101597
Lille,Nice,124.52321119,,,,,1.45,4.75,8.5,1,,0.4992164579,0.2570132001,0.2437703419,0.723863863955,1.220812700475,2.07204790615,,417.764508135344,2.62093154101597
Lorient,Angers,-8.10932037,,,,,2,3.62,4.6,1,,0.2735876521,0.4397505677,0.2866617801,0.5471753042,1.591897055074,1.31864418846,,417.764508135344,2.62093154101597
PSG,Lens,222.39685223,,,,,1.4,5.6,8.5,1,,0.7062803312,0.0973904305,0.1963292382,0.98879246368,0.5453864108,1.6687985247,,417.764508135344,2.62093154101597
Dijon,Metz,-92.64626538,,,,,3.8,3.37,2.25,3,,0.2489257224,0.3267621549,0.4243121226,0.94591774512,1.101188462013,0.95470227585,,417.764508135344,2.62093154101597
Brest,Nantes,35.142124129,,,,,2.65,3.35,2.85,3,,0.3211648504,0.4164902061,0.2623449434,0.85108685356,1.395242190435,0.74768308869,,358.399729766789,2.5543676735324
Nimes,Reims,-78.7279739,,,,,2.32,3.37,3.65,2,,0.2511515571,0.3537040624,0.3951443804,0.582671612472,1.191982690288,1.44227698846,,310.706129397199,2.49234982080285
Montpellier,SaintEtienne,58.010856571,,,,,2.92,3.5,2.88,3,,0.3567659095,0.3877545021,0.2554795883,1.04175645574,1.35714075735,0.735781214304,,424.665478152165,2.6280469578181
Lens,Lille,-142.499994,,,,,5,3.66,1.95,3,,0.2393422914,0.2170702483,0.5435874602,1.196711457,0.794477108778,1.05999554739,,382.447032351983,2.58257129530627
Monaco,Lyon,-62.48411756,,,,,2.6,3.8,2.97,3,,0.2544092333,0.3810524674,0.3645382992,0.66146400658,1.44799937612,1.082678748624,,341.382847658029,2.53324169675937
Nantes,Bordeaux,-11.87355744,,,,,2.07,3.55,4.15,1,,0.2718261043,0.4371189021,0.2910549935,0.562680035901,1.551772102455,1.207878223025,,341.382847658029,2.53324169675937
SaintEtienne,Marseille,-60.67326194,,,,,3.35,3.55,2.27,1,,0.2548325515,0.3838091293,0.3613583191,0.853689047525,1.362522409015,0.820283384357,,274.770070347996,2.43896942492823
Nice,Brest,136.00801492,,,,,2.5,3.5,3.62,1,,0.5275909086,0.2312646441,0.2411444472,1.3189772715,0.80942625435,0.872942898864,,223.939927522801,2.35013153331501
Lyon,Lorient,241.80133668,,,,,1.45,5.5,8.2,1,,0.7335994636,0.0840295851,0.1823709512,1.06371922222,0.46216271805,1.49544179984,,314.035971524966,2.49697939756377
Angers,Dijon,127.23513498,,,,,,,,1,,0.505900793,0.2508913937,0.2432078132,0,0,0,,314.035971524966,2.49697939756377
Metz,Nimes,6.0944756608,,,,,2.82,3.5,2.79,3,,0.2843582761,0.4410865174,0.2745552064,0.801890338602,1.5438028109,0.766009025856,,314.035971524966,2.49697939756377
Strasbourg,Montpellier,-23.95712145,,,,,2.32,4.5,5.3,3,,0.2665924502,0.4273940047,0.306013545,0.618494484464,1.92327302115,1.6218717885,,256.7504291303,2.40951117814571
Rennes,PSG,-178.1193065,,,,,6.55,4.75,1.55,2,,0.2245242489,0.1494942222,0.6259815288,1.470633830295,0.71009755545,0.97027136964,,256.7504291303,2.40951117814571
Reims,Monaco,-11.12217536,,,,,9.25,5,1.46,3,,0.272172877,0.437658611,0.2901685119,2.51759911225,2.188293055,0.423646027374,,256.7504291303,2.40951117814571
Nice,Strasbourg,56.063884902,,,,,3.45,3.6,2.3,3,,0.3534694341,0.3905587482,0.2559718176,1.219469547645,1.40601149352,0.58873518048,,256.7504291303,2.40951117814571
Monaco,Rennes,30.380616127,,,,,1.81,4,4.7,1,,0.314549893,0.4213685927,0.2640815142,0.56933530633,1.6854743708,1.24118311674,,227.412105921647,2.35681357994287
Nimes,Lyon,-222.4304111,,,,,,,,3,,0.1963054879,0.0973631843,0.7063313277,0,0,0,,227.412105921647,2.35681357994287
Lorient,Metz,-19.14938813,,,,,1.67,4.2,6.1,1,,0.2685962763,0.4315058008,0.2998979228,0.448555781421,1.81232436336,1.82937732908,,227.412105921647,2.35681357994287
Dijon,Nantes,-83.83469991,,,,,8.25,4.95,1.42,3,,0.2502918558,0.3441683577,0.4055397864,2.06490781035,1.703633370615,0.575866496688,,227.412105921647,2.35681357994287
PSG,Reims,208.87385442,,,,,1.14,11,22,1,,0.6845737626,0.109725611,0.2057006263,0.780414089364,1.206981721,4.5254137786,,227.412105921647,2.35681357994287
Montpellier,Brest,156.56229489,,,,,2.5,3.9,2.85,2,,0.5775314829,0.1879538948,0.2345146222,1.44382870725,0.73302018972,0.66836667327,,227.412105921647,2.35681357994287
Marseille,Angers,105.28213863,,,,,1.48,4.7,7.75,1,,0.4529045019,0.3000361499,0.2470593481,0.670298662812,1.41016990453,1.914709947775,,227.412105921647,2.35681357994287
Lille,SaintEtienne,134.11192964,,,,,1.4,4.9,9.5,2,,0.5229028037,0.2354725972,0.241624599,0.73206392518,1.15381572628,2.2954336905,,227.412105921647,2.35681357994287
Bordeaux,Lens,-21.20492407,,,,,3.65,3.7,2.25,1,,0.2677266539,0.4297882923,0.3024850537,0.977202286735,1.59021668151,0.680591370825,,227.412105921647,2.35681357994287
Rennes,Nimes,120.14478278,,,,,1.25,6.8,12,1,,0.4884778537,0.2669072381,0.2446149081,0.610597317125,1.81496921908,2.9353788972,,227.412105921647,2.35681357994287
SaintEtienne,Dijon,180.75472151,,,,,1.3,6.5,10.5,3,,0.6315141183,0.1453875819,0.2230982997,0.82096835379,0.94501928235,2.34253214685,,227.412105921647,2.35681357994287
Lyon,Nice,124.06520003,,,,,1.23,8.2,13,3,,0.4980896763,0.2580480939,0.2438622297,0.612650301849,2.11599436998,3.1702089861,,227.412105921647,2.35681357994287
Brest,PSG,-239.4161758,,,,,12.8,8,1.24,3,,0.184101863,0.0854344636,0.7304636733,2.3565038464,0.6834757088,0.905774954892,,227.412105921647,2.35681357994287
Angers,Lille,-165.7918936,,,,,10.5,5.3,1.4,3,,0.2306165051,0.170461696,0.5989217988,2.42147330355,0.9034469888,0.83849051832,,227.412105921647,2.35681357994287
Reims,Bordeaux,59.829115911,,,,,2.75,3.12,3,3,,0.359891595,0.3850739164,0.2550344885,0.98970188625,1.201430619168,0.7651034655,,227.412105921647,2.35681357994287
Lens,Monaco,-51.14817607,,,,,5.4,4.55,1.63,2,,0.2572885488,0.3973364514,0.3453749997,1.38935816352,1.80788085387,0.562961249511,,216.442860138887,2.33534326419202
Nantes,Montpellier,-50.20049066,,,,,1.61,4.6,6.2,3,,0.2575548399,0.3985936451,0.3438515149,0.414663292239,1.83353076746,2.13187939238,,216.442860138887,2.33534326419202
Strasbourg,Lorient,86.921143058,,,,,2.95,2.35,4.4,2,,0.4119973811,0.3382030998,0.249799519,1.215392274245,0.79477728453,1.0991178836,,216.442860138887,2.33534326419202
Metz,Marseille,-116.1436351,,,,,4.1,3.98,2,2,,0.2453274024,0.2759266086,0.4787459889,1.00584234984,1.098187902228,0.9574919778,,183.34266132452,2.26326353109482
