Eibar,Celta,88.8646112299998,,0,0,,2.8,3.12,3,2,,0.32,0.49,0.19,,0.901,1.514,0.579,,100,,,,,0.43,0.32,0.26,,1.19,1,0.77,,,,,12/09/2020,15:00
Granada,AthBilbao,-9.85720902999992,,2,0,,2.81,2.97,3.1,1,,0.25,0.48,0.27,,0.715,1.415,0.834,,100,,,,,0.29,0.41,0.3,,0.81,1.21,0.94,,,,,12/09/2020,17:30
Cadiz,Osasuna,-83.1230708564701,,0,2,,3.15,2.95,2.8,3,,0.2,0.47,0.33,,0.645,1.372,0.925,,83.8180960661452,,,,,0.23,0.41,0.37,,0.72,1.2,1.03,,,,,12/09/2020,20:00
Alaves,Betis,111.90466647,,0,1,,,,,3,,0.34,0.49,0.18,,,,,,76.9748905189477,,,,,0.47,0.28,0.25,,0,0,0,,,,,13/09/2020,13:00
Valladolid,Sociedad,-21.81331815,,1,1,,3.25,2.97,2.78,2,,0.25,0.48,0.28,,0.8,1.411,0.775,,76.9748905189477,,,,,0.28,0.41,0.31,,0.9,1.22,0.87,,,,,13/09/2020,15:00
Villarreal,Huesca,209.89134157,,1,1,,1.56,4.3,6.75,2,,0.39,0.49,0.12,,0.613,2.105,0.793,,92.8078368418381,,,,,0.64,0.17,0.19,,1,0.71,1.3,,,,,13/09/2020,17:30
Valencia,Levante,226.29119995,,4,2,,2.43,3.35,3.28,1,,0.4,0.49,0.11,,0.975,1.641,0.358,,92.8078368418381,,,,,0.66,0.16,0.18,,1.61,0.52,0.59,,,,,13/09/2020,20:00
Villarreal,Eibar,107.827553206969,,2,1,,1.7,3.8,5.7,1,,0.33,0.49,0.18,,0.568,1.848,1.024,,92.8078368418381,,,,,0.46,0.29,0.25,,0.78,1.1,1.41,,,,,19/09/2020,15:00
Getafe,Osasuna,93.9384110869385,,1,0,,2.04,3.2,4.7,1,,0.33,0.49,0.19,,0.663,1.553,0.89,,92.8078368418381,,,,,0.43,0.31,0.25,,0.89,1,1.19,,,,,19/09/2020,17:30
Celta,Valencia,7.15098360999991,,2,1,,2.2,3.5,3.62,1,,0.27,0.48,0.26,,0.585,1.675,0.925,,92.8078368418381,,,,,0.31,0.4,0.29,,0.67,1.4,1.06,,,,,19/09/2020,20:00
Huesca,Cadiz,114.77173203353,,0,2,,2.05,3.05,4.8,3,,0.34,0.49,0.17,,0.694,1.484,0.839,,92.8078368418381,,,,,0.47,0.28,0.25,,0.97,0.85,1.18,,,,,20/09/2020,15:00
Betis,Valladolid,117.54662019,,2,0,,1.87,3.7,5.1,1,,0.34,0.49,0.17,,0.636,1.801,0.882,,70.6191011863765,,,,,0.48,0.28,0.24,,0.9,1.02,1.25,,,,,20/09/2020,17:30
Granada,Alaves,84.5053267433145,,2,1,,2.32,3.1,4.2,1,,0.32,0.48,0.2,,0.74,1.503,0.824,,70.6191011863765,,,,,0.42,0.33,0.26,,0.97,1.01,1.08,,,,,20/09/2020,17:30
Sociedad,RealMadrid,-100.93694555,,0,0,,4.8,4,1.83,2,,0.19,0.46,0.35,,0.928,1.845,0.632,,70.6191011863765,,,,,0.22,0.4,0.39,,1.03,1.6,0.71,,,,,20/09/2020,20:00
Alaves,Getafe,-20.8897208866774,,0,0,,3.65,2.8,2.5,2,,0.25,0.48,0.28,,0.9,1.33,0.695,,70.6191011863765,,,,,0.28,0.41,0.31,,1.01,1.15,0.78,,,,,26/09/2020,12:00
Valencia,Huesca,310.429127204086,,1,1,,2.15,3.45,3.65,2,,0.44,0.49,0.07,,0.94,1.69,0.267,,80.5113160518428,,,,,0.74,0.13,0.12,,1.6,0.45,0.45,,,,,26/09/2020,15:00
Elche,Sociedad,-125.332927150344,,0,3,,7,3.75,1.67,3,,0.18,0.46,0.37,,1.247,1.708,0.612,,80.5113160518428,,,,,0.2,0.39,0.41,,1.4,1.46,0.69,,,,,26/09/2020,17:30
Betis,RealMadrid,-117.503204012,,2,3,,4.9,4.05,1.78,3,,0.18,0.46,0.36,,0.896,1.852,0.64,,80.5113160518428,,,,,0.2,0.39,0.4,,1,1.59,0.72,,,,,26/09/2020,20:00
Osasuna,Levante,71.8445318971164,,1,3,,2.2,3.4,3.5,3,,0.31,0.48,0.21,,0.683,1.646,0.719,,80.5113160518428,,,,,0.4,0.34,0.26,,0.87,1.17,0.91,,,,,27/09/2020,11:00
Eibar,AthBilbao,25.2994651944618,,1,2,,3.6,2.9,2.55,3,,0.28,0.48,0.24,,1.003,1.393,0.614,,80.5113160518428,,,,,0.33,0.39,0.28,,1.18,1.13,0.72,,,,,27/09/2020,13:00
AthMadrid,Granada,288.56976832,,6,1,,1.47,4.4,10,1,,0.43,0.49,0.08,,0.63,2.156,0.814,,63.6511492857508,,,,,0.73,0.13,0.14,,1.07,0.59,1.38,,,,,27/09/2020,15:00
Cadiz,Sevilla,-197.949718719532,,1,3,,6.25,3.55,1.73,3,,0.14,0.43,0.43,,0.862,1.53,0.746,,63.6511492857508,,,,,0.16,0.34,0.5,,1,1.22,0.86,,,,,27/09/2020,17:30
Valladolid,Celta,54.1385422772737,,1,1,,3.5,2.9,2.75,2,,0.3,0.48,0.22,,1.045,1.4,0.601,,63.6511492857508,,,,,0.37,0.36,0.27,,1.28,1.06,0.74,,,,,27/09/2020,17:30
Barcelona,Villarreal,305.09203463,,4,0,,1.55,5,6.3,1,,0.44,0.49,0.08,,0.674,2.449,0.473,,89.4307016560705,,,,,0.74,0.13,0.13,,1.15,0.66,0.81,,,,,27/09/2020,20:00
Sociedad,Valencia,76.6030142902396,,0,1,,1.55,4.5,6.5,3,,0.31,0.48,0.2,,0.486,2.18,1.312,,89.4307016560705,,,,,0.4,0.34,0.26,,0.63,1.52,1.69,,,,,29/09/2020,18:00
Getafe,Betis,162.471317330733,,3,0,,2.52,3.05,3.45,1,,0.37,0.49,0.14,,0.926,1.49,0.497,,89.4307016560705,,,,,0.57,0.21,0.22,,1.43,0.64,0.77,,,,,29/09/2020,20:30
Huesca,AthMadrid,-221.8382751244,,0,0,,8.25,4.3,1.58,2,,0.13,0.42,0.45,,1.043,1.807,0.716,,67.7281783323821,,,,,0.15,0.32,0.53,,1.22,1.39,0.84,,,,,30/09/2020,18:00
Villarreal,Alaves,153.911346021473,,3,1,,1.6,4.3,7.25,1,,0.36,0.49,0.15,,0.58,2.099,1.083,,67.7281783323821,,,,,0.55,0.22,0.23,,0.88,0.95,1.65,,,,,30/09/2020,18:00
Eibar,Elche,198.764356648082,,0,1,,1.75,3.6,5.8,3,,0.39,0.49,0.12,,0.678,1.762,0.715,,67.7281783323821,,,,,0.63,0.17,0.2,,1.1,0.63,1.16,,,,,30/09/2020,20:30
RealMadrid,Valladolid,334.268033443432,,1,0,,1.24,7,15,1,,0.45,0.49,0.07,,0.552,3.426,0.976,,67.7281783323821,,,,,0.76,0.13,0.11,,0.94,0.9,1.66,,,,,30/09/2020,20:30
AthBilbao,Cadiz,230.28818111207,,0,1,,1.7,3.8,7.25,3,,0.4,0.49,0.11,,0.685,1.861,0.776,,67.7281783323821,,,,,0.67,0.15,0.18,,1.14,0.58,1.29,,,,,01/10/2020,18:00
Sevilla,Levante,174.121230508962,,1,0,,1.5,4.7,8,1,,0.37,0.49,0.14,,0.561,2.297,1.098,,67.7281783323821,,,,,0.59,0.2,0.22,,0.88,0.93,1.72,,,,,01/10/2020,18:00
Celta,Barcelona,-203.211997814328,,0,3,,7,5,1.53,3,,0.14,0.43,0.44,,0.947,2.144,0.667,,67.7281783323821,,,,,0.16,0.34,0.5,,1.1,1.69,0.77,,,,,01/10/2020,20:30
Valladolid,Eibar,43.3453124156874,,1,2,,2.5,3.12,4.3,3,,0.29,0.48,0.23,,0.728,1.504,0.976,,67.7281783323821,,,,,0.35,0.38,0.27,,0.88,1.17,1.18,,,,,03/10/2020,12:00
AthMadrid,Villarreal,201.517104544835,,0,0,,1.57,4.2,6.5,2,,0.39,0.49,0.12,,0.61,2.055,0.792,,67.7281783323821,,,,,0.63,0.17,0.2,,0.99,0.72,1.28,,,,,03/10/2020,15:00
Elche,Huesca,10.7168626519226,,0,0,,3.95,3.3,2.45,2,,0.27,0.48,0.25,,1.061,1.58,0.619,,67.7281783323821,,,,,0.31,0.4,0.29,,1.22,1.32,0.71,,,,,03/10/2020,17:30
Sociedad,Getafe,19.490235138579,,3,0,,2.3,3.1,4.2,1,,0.27,0.48,0.25,,0.632,1.487,1.031,,67.7281783323821,,,,,0.32,0.39,0.29,,0.74,1.22,1.2,,,,,03/10/2020,17:30
Valencia,Betis,249.507481652816,,0,2,,3.12,3.5,2.65,3,,0.41,0.49,0.1,,1.286,1.715,0.26,,51.8445113035455,,,,,0.69,0.15,0.16,,2.15,0.51,0.44,,,,,03/10/2020,20:00
Osasuna,Celta,58.8245380051687,,2,0,,2.95,3.12,2.86,1,,0.3,0.48,0.22,,0.89,1.507,0.615,,51.8445113035455,,,,,0.37,0.36,0.27,,1.1,1.12,0.76,,,,,04/10/2020,11:00
Alaves,AthBilbao,1.39530650296001,,1,0,,3.7,3.02,2.35,1,,0.26,0.48,0.26,,0.97,1.443,0.611,,51.8445113035455,,,,,0.3,0.4,0.3,,1.11,1.22,0.7,,,,,04/10/2020,13:00
Levante,RealMadrid,-119.474107192315,,0,2,,6.25,4.8,1.58,3,,0.18,0.46,0.36,,1.136,2.193,0.571,,40.6370393339473,,,,,0.2,0.39,0.41,,1.27,1.88,0.64,,,,,04/10/2020,15:00
Cadiz,Granada,-55.2903254209537,,1,1,,3.25,3,2.67,2,,0.22,0.47,0.31,,0.725,1.41,0.819,,40.6370393339473,,,,,0.25,0.41,0.34,,0.81,1.23,0.91,,,,,04/10/2020,17:30
Barcelona,Sevilla,252.063521292487,,1,1,,1.66,4.45,5.4,2,,0.41,0.49,0.1,,0.686,2.18,0.523,,48.3962131828427,,,,,0.69,0.14,0.16,,1.15,0.64,0.88,,,,,04/10/2020,20:00
Granada,Sevilla,-79.2665142496296,,1,0,,4,3.35,2.1,1,,0.21,0.47,0.33,,0.829,1.56,0.687,,48.3962131828427,,,,,0.23,0.41,0.36,,0.92,1.36,0.76,,,,,17/10/2020,12:00
Celta,AthMadrid,-130.157611787937,,0,2,,5.1,3.5,1.85,3,,0.18,0.45,0.37,,0.894,1.589,0.686,,41.8395885175059,,,,,0.2,0.39,0.42,,1.01,1.35,0.77,,,,,17/10/2020,15:00
RealMadrid,Cadiz,396.806620157117,,0,1,,1.25,6.9,14.5,3,,0.47,0.49,0.05,,0.581,3.364,0.687,,36.0433443312955,,,,,0.79,0.13,0.08,,0.99,0.87,1.17,,,,,17/10/2020,17:30
Getafe,Barcelona,-127.603768492849,,1,0,,5.3,3.85,1.79,1,,0.18,0.45,0.37,,0.937,1.751,0.66,,36.0433443312955,,,,,0.2,0.39,0.41,,1.05,1.49,0.74,,,,,17/10/2020,20:00
Eibar,Osasuna,19.7463730919042,,0,0,,2.9,2.88,2.9,2,,0.27,0.48,0.25,,0.797,1.382,0.712,,29.936090221538,,,,,0.32,0.39,0.29,,0.93,1.14,0.83,,,,,18/10/2020,11:00
AthBilbao,Levante,100.242659280162,,2,0,,2.1,3.5,3.7,1,,0.33,0.49,0.18,,0.692,1.7,0.684,,41.5109877474152,,,,,0.45,0.3,0.25,,0.94,1.06,0.93,,,,,18/10/2020,13:00
Villarreal,Valencia,79.3026584117274,,2,1,,1.66,4.2,5.35,1,,0.32,0.48,0.2,,0.524,2.035,1.069,,41.5109877474152,,,,,0.41,0.33,0.26,,0.68,1.4,1.38,,,,,18/10/2020,15:00
Alaves,Elche,191.104899808667,,0,2,,1.83,3.25,5.25,3,,0.38,0.49,0.13,,0.701,1.59,0.67,,41.5109877474152,,,,,0.61,0.18,0.2,,1.13,0.59,1.07,,,,,18/10/2020,17:30
Huesca,Valladolid,20.7887769029055,,2,2,,2.2,3,4.2,2,,0.28,0.48,0.24,,0.606,1.44,1.027,,41.5109877474152,,,,,0.32,0.39,0.28,,0.71,1.18,1.2,,,,,18/10/2020,17:30
Betis,Sociedad,11.8302383761331,,0,3,,2.82,3.35,2.65,3,,0.27,0.48,0.25,,0.76,1.605,0.667,,59.973346774976,,,,,0.31,0.4,0.29,,0.88,1.34,0.77,,,,,18/10/2020,20:00
Elche,Valencia,-107.324512662662,,2,1,,3.5,3.35,2.35,1,,0.19,0.46,0.35,,0.662,1.54,0.825,,59.973346774976,,,,,0.21,0.4,0.39,,0.74,1.33,0.92,,,,,23/10/2020,20:00
Barcelona,RealMadrid,165.061123967964,,1,3,,2.04,4.2,4,3,,0.37,0.49,0.14,,0.753,2.052,0.571,,52.2417823515812,,,,,0.57,0.21,0.22,,1.17,0.87,0.88,,,,,24/10/2020,15:00
Osasuna,AthBilbao,9.3677210712051,,1,0,,3.3,2.95,2.5,1,,0.27,0.48,0.25,,0.883,1.412,0.634,,52.2417823515812,,,,,0.31,0.4,0.29,,1.02,1.18,0.73,,,,,24/10/2020,17:30
Sevilla,Eibar,171.605793355476,,0,1,,1.63,3.8,6.5,3,,0.37,0.49,0.14,,0.607,1.857,0.902,,41.1041397679402,,,,,0.58,0.2,0.22,,0.95,0.76,1.41,,,,,24/10/2020,17:30
AthMadrid,Betis,292.394319243604,,2,0,,1.72,3.9,5.75,1,,0.43,0.49,0.08,,0.74,1.911,0.46,,41.1041397679402,,,,,0.73,0.13,0.14,,1.26,0.52,0.78,,,,,24/10/2020,20:00
Valladolid,Alaves,70.0418988616243,,0,2,,2.45,2.95,3.5,3,,0.31,0.48,0.21,,0.758,1.428,0.723,,41.1041397679402,,,,,0.39,0.35,0.26,,0.96,1.02,0.92,,,,,25/10/2020,13:00
Cadiz,Villarreal,-152.376007640604,,0,0,,3.8,3.35,2.15,2,,0.16,0.45,0.39,,0.617,1.5,0.839,,31.981764256967,,,,,0.18,0.37,0.44,,0.7,1.25,0.95,,,,,25/10/2020,15:00
Getafe,Granada,170.01529172325,,0,1,,2.02,3.1,4.7,3,,0.37,0.49,0.14,,0.751,1.515,0.657,,40.7123093477147,,,,,0.58,0.2,0.22,,1.17,0.63,1.02,,,,,25/10/2020,17:30
Sociedad,Huesca,186.884069247357,,4,1,,1.88,3.5,5,1,,0.38,0.49,0.13,,0.716,1.712,0.65,,40.7123093477147,,,,,0.61,0.18,0.21,,1.14,0.65,1.04,,,,,25/10/2020,20:00
Levante,Celta,104.667583760038,,1,1,,2.55,3.4,2.95,2,,0.33,0.49,0.18,,0.847,1.652,0.536,,40.7123093477147,,,,,0.46,0.3,0.25,,1.16,1,0.74,,,,,26/10/2020,20:00
Eibar,Cadiz,130.45005513359,,0,2,,2.6,2.85,3.6,3,,0.35,0.49,0.16,,0.906,1.389,0.592,,40.7123093477147,,,,,0.51,0.26,0.24,,1.32,0.73,0.86,,,,,30/10/2020,20:00
RealMadrid,Huesca,360.119498283447,,4,1,,1.4,5.75,11.5,1,,0.45,0.49,0.06,,0.636,2.811,0.657,,32.0227996664033,,,,,0.78,0.13,0.1,,1.09,0.73,1.12,,,,,31/10/2020,13:00
AthBilbao,Sevilla,-29.2381555996667,,2,1,,3.65,3.05,2.55,1,,0.24,0.47,0.29,,0.879,1.446,0.727,,32.0227996664033,,,,,0.27,0.41,0.32,,0.98,1.25,0.81,,,,,31/10/2020,15:15
Osasuna,AthMadrid,-125.581460175604,,1,3,,5.3,3.55,1.85,3,,0.18,0.46,0.37,,0.943,1.616,0.678,,28.5332026095167,,,,,0.2,0.39,0.41,,1.06,1.38,0.76,,,,,31/10/2020,17:30
Alaves,Barcelona,-200.964578693436,,1,1,,9,6,1.4,2,,0.14,0.43,0.43,,1.228,2.578,0.607,,24.4070007174343,,,,,0.16,0.34,0.5,,1.42,2.04,0.7,,,,,31/10/2020,20:00
Betis,Elche,178.188001515935,,3,1,,1.5,4.7,7.35,1,,0.38,0.49,0.13,,0.564,2.298,0.992,,24.4070007174343,,,,,0.59,0.19,0.21,,0.89,0.91,1.57,,,,,01/11/2020,13:00
Celta,Sociedad,-30.571524890735,,1,4,,3.55,3.3,2.32,3,,0.24,0.47,0.29,,0.852,1.564,0.664,,24.4070007174343,,,,,0.27,0.41,0.32,,0.95,1.36,0.74,,,,,01/11/2020,15:00
Granada,Levante,89.0842234065162,,1,1,,2.45,3.3,3.3,2,,0.32,0.49,0.19,,0.789,1.601,0.636,,20.9859721087769,,,,,0.43,0.32,0.25,,1.04,1.05,0.84,,,,,01/11/2020,17:30
Valencia,Getafe,131.186368216588,,2,2,,3.25,3,2.75,2,,0.35,0.49,0.16,,1.134,1.462,0.451,,20.9859721087769,,,,,0.51,0.25,0.24,,1.65,0.76,0.66,,,,,01/11/2020,20:00
Villarreal,Valladolid,177.821460814727,,2,0,,1.67,4,6.25,1,,0.38,0.49,0.14,,0.628,1.955,0.844,,30.8155494936597,,,,,0.59,0.19,0.21,,0.99,0.77,1.33,,,,,02/11/2020,20:00
Elche,Celta,-40.637900861401,,1,1,,5.25,3.6,1.96,2,,0.23,0.47,0.29,,1.224,1.701,0.577,,30.8155494936597,,,,,0.26,0.41,0.33,,1.36,1.48,0.64,,,,,06/11/2020,20:00
Huesca,Eibar,-48.6348393282935,,1,1,,2.35,3.2,3.5,2,,0.23,0.47,0.3,,0.535,1.508,1.054,,44.2557215219845,,,,,0.25,0.41,0.34,,0.6,1.32,1.17,,,,,07/11/2020,13:00
Barcelona,Betis,389.593966736458,,5,2,,1.5,5.5,7.3,1,,0.46,0.49,0.05,,0.694,2.683,0.359,,56.3450229994513,,,,,0.79,0.13,0.08,,1.18,0.69,0.61,,,,,07/11/2020,15:15
Sevilla,Osasuna,138.737790906403,,1,0,,1.51,4.3,7.5,1,,0.35,0.49,0.16,,0.534,2.097,1.193,,56.3450229994513,,,,,0.52,0.24,0.23,,0.79,1.05,1.76,,,,,07/11/2020,17:30
AthMadrid,Cadiz,349.919640098398,,4,0,,1.43,4.5,11.5,1,,0.45,0.49,0.06,,0.645,2.201,0.692,,56.3450229994513,,,,,0.77,0.13,0.1,,1.1,0.58,1.18,,,,,07/11/2020,20:00
Getafe,Villarreal,59.361102424951,,1,3,,3.6,3.15,2.52,3,,0.3,0.48,0.21,,1.088,1.522,0.541,,56.3450229994513,,,,,0.37,0.36,0.27,,1.35,1.13,0.67,,,,,08/11/2020,13:00
Sociedad,Granada,113.83571166091,,2,0,,1.45,8,19,1,,0.34,0.49,0.18,,0.49,3.892,3.335,,56.3450229994513,,,,,0.47,0.28,0.25,,0.69,2.25,4.67,,,,,08/11/2020,15:15
Levante,Alaves,111.666957494941,,1,1,,2.12,3.5,3.61,2,,0.34,0.49,0.18,,0.714,1.702,0.639,,56.3450229994513,,,,,0.47,0.28,0.25,,0.99,1,0.89,,,,,08/11/2020,17:30
Valladolid,AthBilbao,-20.2324466491652,,2,1,,4,2.97,2.25,1,,0.25,0.48,0.28,,0.989,1.411,0.625,,56.3450229994513,,,,,0.28,0.41,0.31,,1.11,1.22,0.7,,,,,08/11/2020,17:30
Valencia,RealMadrid,-36.6589649612558,,4,1,,7,5.5,1.45,1,,0.24,0.47,0.29,,1.651,2.601,0.422,,50.2737354111898,,,,,0.26,0.41,0.33,,1.84,2.26,0.47,,,,,08/11/2020,20:00
Osasuna,Huesca,146.794520557284,,1,1,,2.4,3.05,3.33,2,,0.36,0.49,0.15,,0.86,1.488,0.512,,50.2737354111898,,,,,0.54,0.23,0.23,,1.29,0.71,0.77,,,,,20/11/2020,20:00
Levante,Elche,192.595232727485,,1,1,,1.46,4.6,6.75,2,,0.38,0.49,0.13,,0.561,2.25,0.856,,75.1723114987701,,,,,0.62,0.18,0.2,,0.9,0.82,1.37,,,,,21/11/2020,13:00
Villarreal,RealMadrid,-84.1762317085138,,1,1,,2.62,3.65,2.7,2,,0.2,0.46,0.33,,0.534,1.697,0.894,,75.1723114987701,,,,,0.23,0.4,0.37,,0.59,1.48,0.99,,,,,21/11/2020,15:15
Sevilla,Celta,188.74439548377,,4,2,,1.75,3.65,5.5,1,,0.38,0.49,0.13,,0.669,1.785,0.709,,107.772384247617,,,,,0.61,0.18,0.21,,1.07,0.67,1.13,,,,,21/11/2020,17:30
AthMadrid,Barcelona,31.4214173155651,,1,0,,2.75,3.45,2.6,1,,0.28,0.48,0.24,,0.778,1.659,0.614,,107.772384247617,,,,,0.33,0.39,0.28,,0.92,1.33,0.73,,,,,21/11/2020,20:00
Eibar,Getafe,-40.7290421770047,,0,0,,3.55,2.85,2.41,2,,0.23,0.47,0.29,,0.827,1.346,0.71,,107.772384247617,,,,,0.26,0.41,0.33,,0.92,1.17,0.79,,,,,22/11/2020,13:00
Cadiz,Sociedad,-152.698954107472,,0,1,,6.5,3.75,1.65,3,,0.16,0.45,0.39,,1.054,1.678,0.644,,122.528093474488,,,,,0.18,0.37,0.44,,1.19,1.4,0.73,,,,,22/11/2020,15:15
Granada,Valladolid,125.069379922997,,1,3,,2.23,3.1,3.85,3,,0.35,0.49,0.17,,0.769,1.51,0.647,,122.528093474488,,,,,0.5,0.26,0.24,,1.1,0.82,0.93,,,,,22/11/2020,17:30
Alaves,Valencia,34.0047939357733,,2,2,,2.62,3.2,2.9,2,,0.28,0.48,0.23,,0.746,1.54,0.679,,122.528093474488,,,,,0.34,0.38,0.28,,0.89,1.23,0.81,,,,,22/11/2020,20:00
AthBilbao,Betis,135.637840067873,,4,0,,2.15,3.3,3.8,1,,0.35,0.49,0.16,,0.756,1.609,0.612,,122.528093474488,,,,,0.52,0.25,0.24,,1.11,0.82,0.9,,,,,23/11/2020,20:00
Valladolid,Levante,37.3934110176003,,1,1,,2.44,3.3,3,2,,0.29,0.48,0.23,,0.701,1.589,0.694,,122.528093474488,,,,,0.34,0.38,0.28,,0.84,1.26,0.83,,,,,27/11/2020,20:00
Elche,Cadiz,18.4962422094075,,1,1,,3,2.9,2.87,2,,0.27,0.48,0.25,,0.822,1.391,0.707,,122.528093474488,,,,,0.32,0.4,0.29,,0.96,1.15,0.82,,,,,28/11/2020,13:00
Valencia,AthMadrid,9.02101664293559,,0,1,,5.3,3.72,1.74,3,,0.27,0.48,0.25,,1.417,1.781,0.442,,171.035596161384,,,,,0.31,0.4,0.29,,1.63,1.49,0.51,,,,,28/11/2020,15:15
Huesca,Sevilla,-145.249537079129,,0,1,,4.35,3.45,1.88,3,,0.17,0.45,0.38,,0.724,1.552,0.722,,171.035596161384,,,,,0.19,0.38,0.43,,0.82,1.3,0.82,,,,,28/11/2020,17:30
RealMadrid,Alaves,303.276811203365,,1,2,,1.29,5.7,9.75,3,,0.43,0.49,0.08,,0.56,2.792,0.739,,148.950552365191,,,,,0.74,0.13,0.13,,0.95,0.75,1.26,,,,,28/11/2020,20:00
Barcelona,Osasuna,350.726634259437,,4,0,,1.26,7,12,1,,0.45,0.49,0.06,,0.568,3.423,0.719,,148.950552365191,,,,,0.77,0.13,0.1,,0.97,0.89,1.23,,,,,29/11/2020,13:00
Getafe,AthBilbao,100.785401905333,,1,1,,2.86,2.67,3,2,,0.33,0.49,0.18,,0.943,1.297,0.554,,148.950552365191,,,,,0.45,0.3,0.25,,1.28,0.81,0.75,,,,,29/11/2020,15:15
Celta,Granada,48.1722084681419,,3,1,,2,3.4,3.95,1,,0.29,0.48,0.22,,0.589,1.64,0.882,,193.97108811391,,,,,0.36,0.37,0.27,,0.72,1.26,1.07,,,,,29/11/2020,17:30
Sociedad,Villarreal,27.3992717721337,,1,1,,2.35,3.15,3.18,2,,0.28,0.48,0.24,,0.658,1.514,0.761,,193.97108811391,,,,,0.33,0.39,0.28,,0.77,1.23,0.89,,,,,29/11/2020,20:00
Betis,Eibar,54.3362007601811,,0,2,,1.77,3.6,4.6,3,,0.3,0.48,0.22,,0.529,1.738,1.005,,193.97108811391,,,,,0.37,0.36,0.27,,0.65,1.31,1.23,,,,,30/11/2020,20:00
AthBilbao,Celta,141.8536767597,,0,2,,2.3,3.25,3.58,3,,0.36,0.49,0.16,,0.817,1.585,0.562,,193.97108811391,,,,,0.53,0.24,0.23,,1.21,0.78,0.84,,,,,04/12/2020,20:00
Levante,Getafe,3.45165835609669,,3,0,,2.75,2.95,2.76,1,,0.26,0.48,0.26,,0.725,1.41,0.713,,193.97108811391,,,,,0.3,0.4,0.3,,0.83,1.19,0.82,,,,,05/12/2020,13:00
Sevilla,RealMadrid,-42.9681017637993,,0,1,,2.6,3.4,2.74,3,,0.23,0.47,0.3,,0.602,1.605,0.812,,153.342416971248,,,,,0.26,0.41,0.33,,0.67,1.4,0.91,,,,,05/12/2020,15:15
AthMadrid,Valladolid,326.904769418774,,2,0,,1.36,4.75,10,1,,0.44,0.49,0.07,,0.602,2.325,0.675,,130.642087870348,,,,,0.76,0.13,0.12,,1.03,0.62,1.15,,,,,05/12/2020,17:30
Cadiz,Barcelona,-310.150939600497,,2,1,,12.5,6.75,1.23,1,,0.09,0.36,0.55,,1.143,2.452,0.671,,130.642087870348,,,,,0.11,0.24,0.65,,1.36,1.62,0.8,,,,,05/12/2020,20:00
Granada,Huesca,144.08006752207,,3,3,,2.47,3.05,3.18,2,,0.36,0.49,0.16,,0.881,1.488,0.495,,130.642087870348,,,,,0.53,0.24,0.23,,1.31,0.72,0.74,,,,,06/12/2020,13:00
Osasuna,Betis,84.3106562530531,,0,2,,2.53,3.2,2.85,3,,0.32,0.48,0.2,,0.807,1.552,0.559,,195.291204133797,,,,,0.42,0.33,0.26,,1.06,1.04,0.73,,,,,06/12/2020,15:15
Villarreal,Elche,248.017463958478,,0,0,,1.32,5.5,9.85,2,,0.41,0.49,0.1,,0.543,2.695,0.972,,195.291204133797,,,,,0.69,0.15,0.17,,0.91,0.8,1.63,,,,,06/12/2020,17:30
Alaves,Sociedad,-36.6951342137634,,0,0,,4.1,3.5,1.88,2,,0.24,0.47,0.29,,0.967,1.655,0.548,,195.291204133797,,,,,0.26,0.41,0.33,,1.08,1.44,0.61,,,,,06/12/2020,20:00
Eibar,Valencia,7.15270310349729,,0,0,,2.61,3.17,3.2,2,,0.27,0.48,0.26,,0.695,1.517,0.817,,273.069223309264,,,,,0.31,0.4,0.29,,0.8,1.27,0.94,,,,,07/12/2020,20:00
Valladolid,Osasuna,8.63959956161034,,3,2,,2.53,2.92,3.1,1,,0.27,0.48,0.25,,0.676,1.398,0.788,,273.069223309264,,,,,0.31,0.4,0.29,,0.78,1.17,0.91,,,,,11/12/2020,20:00
Valencia,AthBilbao,167.466124560335,,2,2,,2.91,3,2.5,2,,0.37,0.49,0.14,,1.077,1.466,0.353,,216.069018128492,,,,,0.58,0.21,0.22,,1.67,0.62,0.55,,,,,12/12/2020,13:00
Getafe,Sevilla,-2.13773887094362,,0,1,,3.8,3.15,2.12,3,,0.26,0.48,0.26,,0.987,1.504,0.557,,318.397826830658,,,,,0.3,0.41,0.3,,1.12,1.28,0.63,,,,,12/12/2020,15:15
Huesca,Alaves,-21.6643129445204,,1,0,,2.02,3.35,3.7,1,,0.25,0.48,0.28,,0.497,1.591,1.032,,246.94990202177,,,,,0.28,0.41,0.31,,0.56,1.37,1.16,,,,,12/12/2020,17:30
RealMadrid,AthMadrid,51.8552351395081,,2,0,,2.4,3.19,3,1,,0.3,0.48,0.22,,0.713,1.539,0.661,,209.06015642414,,,,,0.36,0.37,0.27,,0.87,1.17,0.81,,,,,12/12/2020,20:00
Sociedad,Eibar,85.2117407906569,,1,1,,,,,2,,0.32,0.48,0.2,,,,,,209.06015642414,,,,,0.42,0.32,0.26,,0,0,0,,,,,13/12/2020,13:00
Betis,Villarreal,-28.1528249727301,,1,1,,3.16,3.47,2.2,2,,0.24,0.47,0.28,,0.764,1.645,0.625,,209.06015642414,,,,,0.27,0.41,0.32,,0.86,1.43,0.7,,,,,13/12/2020,15:15
Elche,Granada,-38.9491148581453,,0,1,,3.48,3,2.2,3,,0.23,0.47,0.29,,0.815,1.418,0.645,,291.257852479147,,,,,0.26,0.41,0.33,,0.91,1.24,0.72,,,,,13/12/2020,17:30
Barcelona,Levante,382.025306754794,,1,0,,1.22,7,10,1,,0.46,0.49,0.05,,0.562,3.417,0.511,,262.495661252036,,,,,0.79,0.13,0.09,,0.96,0.89,0.87,,,,,13/12/2020,20:00
Celta,Cadiz,121.798459663392,,4,0,,1.68,3.75,5.6,1,,0.34,0.49,0.17,,0.576,1.826,0.953,,262.495661252036,,,,,0.49,0.27,0.24,,0.82,1.01,1.36,,,,,14/12/2020,20:00
RealMadrid,AthBilbao,234.859499625883,,3,1,,1.53,4.2,6.75,1,,0.41,0.49,0.1,,0.62,2.057,0.708,,262.495661252036,,,,,0.67,0.15,0.17,,1.03,0.64,1.18,,,,,15/12/2020,21:00
Barcelona,Sociedad,282.127537673898,,2,1,,1.65,4.45,4.9,1,,0.43,0.49,0.08,,0.703,2.18,0.411,,262.495661252036,,,,,0.72,0.14,0.14,,1.19,0.6,0.7,,,,,16/12/2020,20:00
AthBilbao,Huesca,184.91211735377,,2,0,,1.9,3.35,4.6,1,,0.38,0.49,0.13,,0.722,1.638,0.603,,262.495661252036,,,,,0.6,0.19,0.21,,1.15,0.62,0.96,,,,,18/12/2020,20:00
AthMadrid,Elche,394.116107479785,,3,1,,1.2,6.5,18,1,,0.46,0.49,0.05,,0.557,3.17,0.864,,262.495661252036,,,,,0.79,0.13,0.08,,0.95,0.82,1.47,,,,,19/12/2020,13:00
Barcelona,Valencia,352.911039012378,,2,2,,1.26,6.75,10,2,,0.45,0.49,0.06,,0.569,3.301,0.592,,262.495661252036,,,,,0.77,0.13,0.1,,0.97,0.86,1.01,,,,,19/12/2020,15:15
Levante,Sociedad,-5.50330770934943,,2,1,,3.47,3.48,2.15,1,,0.26,0.48,0.27,,0.893,1.66,0.571,,262.495661252036,,,,,0.29,0.41,0.3,,1.01,1.41,0.65,,,,,19/12/2020,17:30
Osasuna,Villarreal,-48.2823083780631,,1,3,,3.9,3.35,2.06,3,,0.23,0.47,0.3,,0.889,1.579,0.62,,262.495661252036,,,,,0.25,0.41,0.33,,0.99,1.38,0.69,,,,,19/12/2020,17:30
Sevilla,Valladolid,207.648129384401,,1,1,,1.45,4.4,8,2,,0.39,0.49,0.12,,0.568,2.154,0.949,,225.298945597209,,,,,0.64,0.17,0.19,,0.93,0.74,1.55,,,,,19/12/2020,20:00
Celta,Alaves,74.326942440319,,2,0,,1.7,3.75,5.5,1,,0.31,0.48,0.2,,0.531,1.816,1.119,,225.298945597209,,,,,0.4,0.34,0.26,,0.68,1.28,1.43,,,,,20/12/2020,13:00
Granada,Betis,73.2723925412481,,2,0,,2.47,3.25,3.08,1,,0.31,0.48,0.2,,0.769,1.573,0.629,,225.298945597209,,,,,0.4,0.34,0.26,,0.98,1.11,0.8,,,,,20/12/2020,15:15
Cadiz,Getafe,-114.205664453171,,0,2,,3.6,2.75,2.5,3,,0.18,0.46,0.36,,0.666,1.26,0.892,,225.298945597209,,,,,0.21,0.39,0.4,,0.74,1.08,1,,,,,20/12/2020,17:30
Eibar,RealMadrid,-195.742965055292,,1,3,,6.5,4.5,1.5,3,,0.14,0.43,0.43,,0.904,1.944,0.644,,216.777154864977,,,,,0.16,0.34,0.5,,1.04,1.55,0.74,,,,,20/12/2020,20:00
Elche,Osasuna,-73.2226829141057,,2,2,,3.25,3,2.5,2,,0.21,0.47,0.32,,0.686,1.401,0.805,,216.777154864977,,,,,0.23,0.41,0.36,,0.76,1.22,0.89,,,,,22/12/2020,16:30
Valencia,Sevilla,55.7702600213186,,0,1,,3.75,3.5,2.07,3,,0.3,0.48,0.22,,1.124,1.69,0.45,,256.523726062322,,,,,0.37,0.36,0.27,,1.38,1.27,0.55,,,,,22/12/2020,16:30
Huesca,Levante,-9.23287856923184,,1,1,,2.65,3.25,3,2,,0.25,0.48,0.27,,0.675,1.549,0.806,,256.523726062322,,,,,0.29,0.41,0.3,,0.76,1.32,0.91,,,,,22/12/2020,18:45
Sociedad,AthMadrid,-84.2516793553266,,0,2,,3.1,3.15,2.65,3,,0.2,0.46,0.33,,0.632,1.464,0.878,,372.589685357439,,,,,0.23,0.4,0.37,,0.7,1.28,0.98,,,,,22/12/2020,18:45
Valladolid,Barcelona,-186.535553790667,,0,3,,7.5,5.25,1.43,3,,0.14,0.44,0.42,,1.078,2.287,0.601,,331.476440668096,,,,,0.17,0.35,0.48,,1.24,1.84,0.69,,,,,22/12/2020,21:00
Villarreal,AthBilbao,103.98410016316,,1,1,,2.2,3.3,4,2,,0.33,0.49,0.18,,0.73,1.604,0.729,,331.476440668096,,,,,0.45,0.3,0.25,,1,0.98,1,,,,,22/12/2020,21:00
Getafe,Celta,123.230383745721,,1,1,,2.87,2.9,2.85,2,,0.34,0.49,0.17,,0.987,1.412,0.482,,331.476440668096,,,,,0.49,0.27,0.24,,1.41,0.77,0.69,,,,,23/12/2020,16:30
RealMadrid,Granada,281.309627356402,,2,0,,1.3,6.15,10.5,1,,0.43,0.49,0.08,,0.553,3.013,0.885,,470.101849981938,,,,,0.72,0.14,0.14,,0.94,0.84,1.5,,,,,23/12/2020,18:45
Alaves,Eibar,23.2997408603208,,2,1,,2.9,2.98,2.9,1,,0.28,0.48,0.24,,0.804,1.431,0.703,,470.101849981938,,,,,0.32,0.39,0.28,,0.94,1.17,0.82,,,,,23/12/2020,21:00
Betis,Cadiz,145.186245719814,,1,0,,,,,1,,0.36,0.49,0.15,,,,,,366.613894273092,,,,,0.53,0.23,0.23,,0,0,0,,,,,23/12/2020,21:00
Sevilla,Villarreal,62.2302142325254,,2,0,,2.35,3.35,3.55,1,,0.3,0.48,0.21,,0.715,1.619,0.754,,366.613894273092,,,,,0.38,0.36,0.27,,0.89,1.19,0.94,,,,,29/12/2020,16:00
Barcelona,Eibar,344.95985932149,,1,1,,1.36,6,11,2,,0.45,0.49,0.06,,0.611,2.935,0.678,,366.613894273092,,,,,0.77,0.13,0.11,,1.04,0.77,1.16,,,,,29/12/2020,18:15
Cadiz,Valladolid,-25.2731551747108,,0,0,,3.25,3,2.9,2,,0.24,0.47,0.28,,0.792,1.424,0.817,,366.613894273092,,,,,0.27,0.41,0.32,,0.89,1.23,0.92,,,,,29/12/2020,20:30
Levante,Betis,118.833672120241,,4,3,,2.7,3.6,2.9,1,,0.34,0.49,0.17,,0.921,1.752,0.499,,443.129864654592,,,,,0.48,0.27,0.24,,1.3,0.98,0.71,,,,,29/12/2020,20:30
Granada,Valencia,31.4536563144081,,2,1,,2.4,3.4,3.35,1,,0.28,0.48,0.24,,0.679,1.635,0.791,,443.129864654592,,,,,0.33,0.39,0.28,,0.8,1.31,0.94,,,,,30/12/2020,16:00
AthMadrid,Getafe,226.127838350989,,1,0,,1.61,3.85,8.4,1,,0.4,0.49,0.11,,0.646,1.886,0.917,,443.129864654592,,,,,0.66,0.16,0.18,,1.07,0.6,1.52,,,,,30/12/2020,18:15
Celta,Huesca,147.152280546651,,2,1,,1.85,3.7,5.1,1,,0.36,0.49,0.15,,0.663,1.805,0.784,,443.129864654592,,,,,0.54,0.23,0.23,,1,0.86,1.18,,,,,30/12/2020,18:15
Elche,RealMadrid,-296.070525680122,,1,1,,11.5,6.75,1.3,2,,0.1,0.37,0.53,,1.107,2.527,0.688,,443.129864654592,,,,,0.11,0.25,0.63,,1.32,1.72,0.82,,,,,30/12/2020,20:30
AthBilbao,Sociedad,30.9842918801289,,0,1,,3.3,3.05,2.65,3,,0.28,0.48,0.24,,0.933,1.467,0.627,,443.129864654592,,,,,0.33,0.39,0.28,,1.1,1.18,0.74,,,,,31/12/2020,13:00
Osasuna,Alaves,61.9792383006559,,1,1,,2.42,3.25,3.55,2,,0.3,0.48,0.21,,0.735,1.571,0.755,,341.149128060702,,,,,0.38,0.36,0.27,,0.92,1.16,0.94,,,,,31/12/2020,15:15
Villarreal,Levante,141.919723882492,,2,1,,1.61,4.5,6,1,,0.36,0.49,0.16,,0.572,2.195,0.942,,341.149128060702,,,,,0.53,0.24,0.23,,0.85,1.07,1.4,,,,,02/01/2021,13:00
Betis,Sevilla,-77.3312447740614,,1,1,,,,,2,,0.21,0.47,0.33,,,,,,341.149128060702,,,,,0.23,0.41,0.36,,0,0,0,,,,,02/01/2021,15:15
Getafe,Valladolid,146.649801536718,,0,1,,2.04,3.1,5.4,3,,0.36,0.49,0.15,,0.731,1.512,0.831,,341.149128060702,,,,,0.54,0.23,0.23,,1.1,0.72,1.25,,,,,02/01/2021,17:30
RealMadrid,Celta,281.377333332733,,2,0,,1.61,4.5,5.95,1,,0.43,0.49,0.08,,0.685,2.205,0.501,,341.149128060702,,,,,0.72,0.14,0.14,,1.16,0.61,0.85,,,,,02/01/2021,20:00
AthBilbao,Elche,203.604521453614,,1,0,,1.65,3.9,6.5,1,,0.39,0.49,0.12,,0.643,1.909,0.785,,341.149128060702,,,,,0.63,0.17,0.2,,1.05,0.66,1.28,,,,,03/01/2021,13:00
Alaves,AthMadrid,-139.645638417153,,1,2,,7.5,3.92,1.58,3,,0.17,0.45,0.38,,1.272,1.77,0.599,,341.149128060702,,,,,0.19,0.38,0.43,,1.44,1.49,0.68,,,,,03/01/2021,15:15
Eibar,Granada,39.2037659240341,,2,0,,,,,1,,0.29,0.48,0.23,,,,,,341.149128060702,,,,,0.35,0.38,0.28,,0,0,0,,,,,03/01/2021,17:30
Sociedad,Osasuna,102.003832444284,,1,1,,,,,2,,0.33,0.49,0.18,,,,,,341.149128060702,,,,,0.45,0.3,0.25,,0,0,0,,,,,03/01/2021,17:30
Huesca,Barcelona,-247.593561050397,,0,1,,9,5.8,1.38,3,,0.12,0.41,0.48,,1.035,2.358,0.66,,341.149128060702,,,,,0.14,0.3,0.56,,1.22,1.74,0.78,,,,,03/01/2021,20:00
Valencia,Cadiz,267.201796400678,,1,1,,1.98,3.5,4.5,2,,0.42,0.49,0.09,,0.831,1.715,0.406,,341.149128060702,,,,,0.71,0.14,0.15,,1.4,0.49,0.68,,,,,04/01/2021,20:00
AthBilbao,Barcelona,-127.238886104552,,2,3,,6.3,4.5,1.62,3,,0.18,0.45,0.37,,1.115,2.047,0.596,,341.149128060702,,,,,0.2,0.39,0.41,,1.25,1.74,0.67,,,,,06/01/2021,20:00
Celta,Villarreal,-23.1587988102883,,0,4,,3.7,3.3,2.25,3,,0.25,0.47,0.28,,0.907,1.567,0.63,,341.149128060702,,,,,0.28,0.41,0.31,,1.02,1.35,0.71,,,,,08/01/2021,20:00
Sevilla,Sociedad,79.9220407103264,,3,2,,2.19,3.2,4.25,1,,0.32,0.48,0.2,,0.692,1.551,0.848,,291.469040235009,,,,,0.41,0.33,0.26,,0.9,1.06,1.1,,,,,09/01/2021,13:00
Granada,Barcelona,-164.363741540698,,0,4,,7.5,5.5,1.4,3,,0.16,0.44,0.4,,1.167,2.44,0.561,,291.469040235009,,,,,0.18,0.37,0.46,,1.33,2.01,0.64,,,,,09/01/2021,17:30
Osasuna,RealMadrid,-193.350287315365,,0,0,,7.9,4.9,1.47,2,,0.14,0.43,0.43,,1.108,2.121,0.627,,291.469040235009,,,,,0.16,0.35,0.49,,1.28,1.69,0.72,,,,,09/01/2021,20:00
Levante,Eibar,67.7041448826906,,2,1,,2.3,3.4,3.45,1,,0.31,0.48,0.21,,0.708,1.645,0.719,,291.469040235009,,,,,0.39,0.35,0.26,,0.89,1.19,0.91,,,,,10/01/2021,13:00
Cadiz,Alaves,-33.522564654633,,3,1,,2.7,2.95,3.3,1,,0.24,0.47,0.29,,0.643,1.397,0.952,,291.469040235009,,,,,0.27,0.41,0.32,,0.72,1.21,1.06,,,,,10/01/2021,15:15
Valladolid,Valencia,6.91887739745698,,0,1,,2.85,3.2,2.93,3,,0.27,0.48,0.26,,0.758,1.531,0.749,,264.540627859612,,,,,0.31,0.4,0.29,,0.87,1.28,0.86,,,,,10/01/2021,20:00
Elche,Getafe,-119.759660109331,,1,3,,4.45,2.95,2.2,3,,0.18,0.46,0.36,,0.808,1.348,0.796,,264.540627859612,,,,,0.2,0.39,0.41,,0.91,1.15,0.89,,,,,11/01/2021,18:00
Huesca,Betis,7.44370183949786,,0,2,,2.95,3.35,2.58,3,,0.27,0.48,0.26,,0.786,1.603,0.658,,245.45345614005,,,,,0.31,0.4,0.29,,0.9,1.34,0.76,,,,,11/01/2021,20:00
Granada,Osasuna,59.4070964209532,,2,0,,2.45,3.2,3.65,1,,0.3,0.48,0.21,,0.74,1.546,0.783,,245.45345614005,,,,,0.37,0.36,0.27,,0.92,1.15,0.97,,,,,12/01/2021,18:00
AthMadrid,Sevilla,152.245302978213,,2,0,,2.15,3.13,4.4,1,,0.36,0.49,0.15,,0.777,1.528,0.662,,245.45345614005,,,,,0.55,0.22,0.23,,1.18,0.7,1,,,,,12/01/2021,20:30
Cadiz,Levante,-31.1083812799745,,2,2,,3.05,3.11,2.68,2,,0.24,0.47,0.29,,0.731,1.473,0.768,,245.45345614005,,,,,0.27,0.41,0.32,,0.82,1.28,0.86,,,,,19/01/2021,18:00
Valladolid,Elche,129.504068588064,,2,2,,1.91,3.55,5.55,2,,0.35,0.49,0.17,,0.664,1.73,0.916,,305.789063761101,,,,,0.5,0.26,0.24,,0.96,0.91,1.33,,,,,19/01/2021,18:00
Alaves,Sevilla,-78.5030175032096,,1,2,,5.45,3.45,1.87,3,,0.21,0.47,0.33,,1.132,1.608,0.61,,305.789063761101,,,,,0.23,0.41,0.36,,1.26,1.4,0.68,,,,,19/01/2021,20:30
Getafe,Huesca,187.767190881382,,1,0,,1.88,3.35,5.35,1,,0.38,0.49,0.13,,0.717,1.638,0.692,,261.090396509962,,,,,0.61,0.18,0.21,,1.15,0.62,1.11,,,,,20/01/2021,18:00
Betis,Celta,81.5946790810319,,2,1,,2.21,3.5,3.58,1,,0.32,0.48,0.2,,0.701,1.696,0.71,,261.090396509962,,,,,0.41,0.33,0.26,,0.91,1.16,0.92,,,,,20/01/2021,20:00
Villarreal,Granada,157.616083101631,,2,2,,1.75,3.8,6.5,2,,0.36,0.49,0.15,,0.638,1.855,0.957,,261.090396509962,,,,,0.56,0.22,0.23,,0.98,0.83,1.46,,,,,20/01/2021,20:30
Valencia,Osasuna,173.815626198338,,1,1,,2.07,3.55,4,2,,0.37,0.49,0.14,,0.774,1.735,0.55,,261.090396509962,,,,,0.59,0.2,0.22,,1.21,0.7,0.86,,,,,21/01/2021,18:00
Eibar,AthMadrid,-177.3376574495,,1,2,,5.9,3.45,1.82,3,,0.15,0.44,0.41,,0.876,1.515,0.75,,261.090396509962,,,,,0.17,0.36,0.47,,1,1.23,0.86,,,,,21/01/2021,20:30
Levante,Valladolid,130.692199338256,,2,2,,2.17,3.45,3.75,2,,0.35,0.49,0.16,,0.756,1.681,0.616,,230.128387409972,,,,,0.51,0.26,0.24,,1.1,0.88,0.89,,,,,22/01/2021,20:00
Huesca,Villarreal,-134.95795816799,,0,0,,4.65,3.5,1.95,2,,0.17,0.45,0.37,,0.802,1.585,0.731,,230.128387409972,,,,,0.19,0.38,0.42,,0.9,1.34,0.82,,,,,23/01/2021,13:00
Sevilla,Cadiz,258.123289484084,,3,0,,1.5,4.35,10,1,,0.42,0.49,0.09,,0.624,2.131,0.941,,309.053502068799,,,,,0.7,0.14,0.16,,1.05,0.62,1.58,,,,,23/01/2021,15:15
Sociedad,Betis,126.000815180788,,2,2,,1.8,4,4.7,2,,0.35,0.49,0.17,,0.622,1.948,0.786,,309.053502068799,,,,,0.5,0.26,0.24,,0.89,1.05,1.13,,,,,23/01/2021,17:30
Alaves,RealMadrid,-167.135126285815,,1,4,,7.5,4.7,1.53,3,,0.15,0.44,0.4,,1.155,2.081,0.617,,309.053502068799,,,,,0.18,0.36,0.46,,1.32,1.71,0.7,,,,,23/01/2021,20:00
Osasuna,Granada,54.1458729789545,,3,1,,2.65,2.95,3.41,1,,0.3,0.48,0.22,,0.791,1.424,0.746,,309.053502068799,,,,,0.37,0.36,0.27,,0.97,1.08,0.92,,,,,24/01/2021,13:00
Elche,Barcelona,-306.641930330604,,0,2,,11.5,6.4,1.31,3,,0.09,0.37,0.54,,1.065,2.343,0.709,,241.02381942942,,,,,0.11,0.24,0.65,,1.27,1.56,0.85,,,,,24/01/2021,15:15
Celta,Eibar,33.8916758139621,,1,1,,2.2,3.3,3.92,2,,0.28,0.48,0.23,,0.626,1.588,0.918,,241.02381942942,,,,,0.34,0.38,0.28,,0.74,1.27,1.09,,,,,24/01/2021,17:30
AthMadrid,Valencia,269.768405571715,,3,1,,1.52,4.45,8,1,,0.42,0.49,0.09,,0.64,2.18,0.713,,241.02381942942,,,,,0.71,0.14,0.15,,1.08,0.62,1.2,,,,,24/01/2021,20:00
AthBilbao,Getafe,27.6971421063595,,5,1,,2.34,2.96,4,1,,0.28,0.48,0.24,,0.656,1.422,0.956,,241.02381942942,,,,,0.33,0.39,0.28,,0.77,1.15,1.12,,,,,25/01/2021,20:00
Valladolid,Huesca,112.954832270047,,1,3,,2.28,3.2,4,3,,0.34,0.49,0.18,,0.769,1.557,0.704,,188.457322785783,,,,,0.47,0.28,0.25,,1.07,0.9,0.98,,,,,29/01/2021,20:00
Eibar,Sevilla,-116.902530510669,,0,2,,4.4,3.42,2.01,3,,0.18,0.46,0.36,,0.806,1.565,0.722,,188.457322785783,,,,,0.21,0.39,0.4,,0.9,1.34,0.81,,,,,30/01/2021,13:00
RealMadrid,Levante,297.555665154065,,1,2,,1.37,6,8.75,3,,0.43,0.49,0.08,,0.592,2.939,0.682,,163.205690033388,,,,,0.73,0.13,0.13,,1.01,0.8,1.16,,,,,30/01/2021,15:15
Valencia,Elche,274.753757902677,,1,0,,1.8,3.62,5.3,1,,0.42,0.49,0.09,,0.761,1.774,0.461,,163.205690033388,,,,,0.72,0.14,0.15,,1.29,0.5,0.78,,,,,30/01/2021,17:30
Villarreal,Sociedad,49.9435431878744,,1,1,,2.55,3.18,3.25,2,,0.3,0.48,0.22,,0.754,1.534,0.721,,163.205690033388,,,,,0.36,0.37,0.27,,0.92,1.17,0.88,,,,,30/01/2021,20:00
Getafe,Alaves,138.98988270523,,0,0,,2.18,3.05,4.25,2,,0.35,0.49,0.16,,0.771,1.487,0.675,,163.205690033388,,,,,0.52,0.24,0.23,,1.14,0.74,1,,,,,31/01/2021,13:00
Cadiz,AthMadrid,-266.366935295217,,2,4,,8.3,3.62,1.66,3,,0.11,0.4,0.5,,0.891,1.43,0.826,,243.84314315592,,,,,0.13,0.28,0.59,,1.06,1.03,0.98,,,,,31/01/2021,15:15
Granada,Celta,92.7579014796543,,0,0,,3,3.25,2.6,2,,0.32,0.49,0.19,,0.973,1.577,0.495,,243.84314315592,,,,,0.43,0.31,0.25,,1.29,1.0075,0.65,,,,,31/01/2021,17:30
Barcelona,AthBilbao,330.561038777864,,2,1,,1.51,4.85,7,1,,0.44,0.49,0.07,,0.671,2.374,0.464,,243.84314315592,,,,,0.76,0.13,0.11,,1.1476,0.6305,0.77,,,,,31/01/2021,20:00
Betis,Osasuna,75.6212040435214,,1,0,,1.9,3.8,4.5,1,,0.31,0.48,0.2,,0.595,1.84,0.912,,243.84314315592,,,,,0.4,0.34,0.26,,0.76,1.292,1.17,,,,,01/02/2021,20:00
Alaves,Valladolid,66.2020909749613,,1,0,,2.43,3.05,3.45,1,,0.31,0.48,0.21,,0.745,1.475,0.723,,243.84314315592,,,,,0.39,0.35,0.26,,0.9477,1.0675,0.897,,,,,05/02/2021,20:00
Levante,Granada,130.481040922001,,2,2,,2.17,3.62,4.45,2,,0.35,0.49,0.16,,0.756,1.764,0.731,,186.690560984051,,,,,0.51,0.26,0.24,,1.1067,0.9412,1.068,,,,,06/02/2021,13:00
Huesca,RealMadrid,-256.690847077374,,1,2,,6.8,4.35,1.56,3,,0.11,0.4,0.49,,0.757,1.745,0.761,,186.690560984051,,,,,0.13,0.29,0.58,,0.014462566556918,0.116344603948134,0.282785495157483,,,,,06/02/2021,15:15
Elche,Villarreal,-163.174981617973,,2,2,,8.25,4.5,1.47,2,,0.16,0.44,0.4,,1.289,1.999,0.587,,186.690560984051,,,,,0.18,0.37,0.46,,0.028120584100857,0.16432285306627,0.183843008290496,,,,,06/02/2021,17:30
Sevilla,Getafe,120.811935446652,,3,0,,1.78,3.6,6,1,,0.34,0.49,0.17,,0.609,1.753,1.025,,186.690560984051,,,,,0.49,0.27,0.24,,0.167768907928932,0.131440152893635,0.040991782206453,,,,,06/02/2021,20:00
Sociedad,Cadiz,185.275406919266,,4,1,,1.47,4.7,11,1,,0.38,0.49,0.13,,0.559,2.298,1.439,,186.690560984051,,,,,0.61,0.19,0.21,,0.231881862086588,0.092914450250204,0.027476899272597,,,,,07/02/2021,13:00
AthBilbao,Valencia,76.2851992534897,,1,1,,2.37,3.37,3.65,2,,0.31,0.48,0.2,,0.743,1.632,0.738,,186.690560984051,,,,,0.4,0.34,0.26,,0.125416100987772,0.164680100303266,0.052547692949569,,,,,07/02/2021,15:15
Osasuna,Eibar,19.8622120434316,,2,1,,2.7,3,3.2,1,,0.27,0.48,0.25,,0.742,1.439,0.785,,186.690560984051,,,,,0.32,0.39,0.29,,0.087988975821551,0.187112910032584,0.071124749868259,,,,,07/02/2021,17:30
Betis,Barcelona,-158.084900044652,,2,3,,6,4.7,1.63,3,,0.16,0.45,0.4,,0.954,2.095,0.644,,145.201593244571,,,,,0.18,0.37,0.45,,0.028629856258898,0.164945274668121,0.17781624151315,,,,,07/02/2021,20:00
AthMadrid,Celta,321.249245307921,,2,2,,1.85,3.6,6.5,2,,0.44,0.49,0.07,,0.816,1.763,0.451,,145.201593244571,,,,,0.75,0.13,0.12,,0.330750943349698,0.063648724643534,0.008327180162325,,,,,08/02/2021,20:00
RealMadrid,Getafe,208.111641658162,,2,0,,1.63,4,7,1,,0.39,0.49,0.12,,0.639,1.958,0.828,,145.201593244571,,,,,0.64,0.17,0.19,,0.250983181860318,0.083212291755303,0.022487394746939,,,,,09/02/2021,20:00
Celta,Elche,166.746950285881,,3,1,,1.5,4.25,8,1,,0.37,0.49,0.14,,0.555,2.076,1.133,,145.201593244571,,,,,0.57,0.21,0.22,,0.210808928941488,0.102591833564029,0.03115799126127,,,,,12/02/2021,20:00
Granada,AthMadrid,-148.56994170692,,1,2,,6,3.55,1.81,3,,0.16,0.45,0.39,,0.987,1.593,0.7,,145.201593244571,,,,,0.19,0.38,0.44,,0.031244235790179,0.170542860946651,0.170174246547675,,,,,13/02/2021,13:00
Sevilla,Huesca,271.010982019829,,1,0,,1.61,4,7,1,,0.42,0.49,0.09,,0.679,1.96,0.62,,145.201593244571,,,,,0.71,0.14,0.15,,0.299233417572276,0.068598207748449,0.013283592613404,,,,,13/02/2021,15:15
Eibar,Valladolid,50.2486029501979,,1,1,,1.98,3.5,4.5,2,,0.3,0.48,0.22,,0.586,1.689,0.997,,145.201593244571,,,,,0.36,0.37,0.27,,0.106534764348826,0.178514392506608,0.059831667341666,,,,,13/02/2021,17:30
Barcelona,Alaves,398.74351503994,,5,1,,1.33,6.4,10.25,1,,0.47,0.49,0.05,,0.619,3.12,0.481,,145.201593244571,,,,,0.79,0.13,0.08,,0.367805511585471,0.063378610786473,0.003751650222064,,,,,13/02/2021,20:00
Getafe,Sociedad,14.2691729278565,,0,1,,4.65,3.3,2.07,3,,0.27,0.48,0.25,,1.261,1.581,0.517,,145.201593244571,,,,,0.31,0.4,0.29,,0.08403510546095,0.191685862363613,0.072414264032589,,,,,14/02/2021,13:00
RealMadrid,Valencia,234.109889623757,,2,0,,1.41,5.5,9,1,,0.4,0.49,0.11,,0.571,2.694,0.947,,145.201593244571,,,,,0.67,0.15,0.17,,0.271315541174387,0.07347373896691,0.01788850578828,,,,,14/02/2021,15:15
Levante,Osasuna,104.761862919797,,0,1,,2.9,3.11,3.14,3,,0.33,0.49,0.18,,0.963,1.512,0.571,,145.201593244571,,,,,0.46,0.3,0.25,,0.152816123929261,0.145808258704981,0.045440876479947,,,,,14/02/2021,17:30
Villarreal,Betis,148.703482749819,,1,2,,1.93,3.65,4.4,3,,0.36,0.49,0.15,,0.694,1.781,0.672,,145.201593244571,,,,,0.54,0.23,0.23,,0.194060780433974,0.112227827247287,0.035116655160465,,,,,14/02/2021,20:00
Cadiz,AthBilbao,-81.0469232710166,,0,4,,5.1,3.4,1.92,3,,0.21,0.47,0.33,,1.051,1.583,0.631,,145.201593244571,,,,,0.23,0.41,0.37,,0.047387534950078,0.190835918798939,0.121550098179041,,,,,15/02/2021,20:00
Levante,AthMadrid,-139.347868170818,,1,1,,5.1,3.6,1.86,2,,0.17,0.45,0.38,,0.866,1.626,0.704,,124.805361109188,,,,,0.19,0.38,0.43,,0.032259550495973,0.171581832131148,0.162833154623868,,,,,17/02/2021,18:00
Betis,Getafe,33.1111591607305,,1,0,,2.17,3.25,4.2,1,,0.28,0.48,0.23,,0.617,1.563,0.986,,171.991728851727,,,,,0.34,0.38,0.28,,0.096608753022064,0.182788861342519,0.065753321042141,,,,,19/02/2021,20:00
Elche,Eibar,-78.3200604538142,,1,0,,4,3.3,2.19,1,,0.21,0.47,0.33,,0.831,1.538,0.714,,171.991728851727,,,,,0.23,0.41,0.36,,0.047798177038709,0.191052648853015,0.117431916692014,,,,,20/02/2021,13:00
AthMadrid,Levante,301.507329203038,,0,2,,1.5,4.5,8.75,3,,0.43,0.49,0.08,,0.651,2.204,0.669,,149.620026504388,,,,,0.74,0.13,0.13,,0.320939596500038,0.063679172071928,0.009939547461849,,,,,20/02/2021,15:15
Valencia,Celta,179.45228798466,,2,0,,2.55,3.35,3.1,1,,0.38,0.49,0.13,,0.961,1.638,0.416,,149.620026504388,,,,,0.6,0.19,0.21,,0.226169984098512,0.09288734723865,0.028175542828066,,,,,20/02/2021,17:30
Valladolid,RealMadrid,-226.049285248098,,0,1,,6.3,4.25,1.6,3,,0.12,0.42,0.46,,0.784,1.777,0.732,,149.620026504388,,,,,0.15,0.32,0.53,,0.01867521355123,0.133791082540679,0.242422764994319,,,,,20/02/2021,20:00
Barcelona,Cadiz,456.414956016699,,1,1,,1.15,10,22,2,,0.48,0.48,0.03,,0.553,4.845,0.764,,149.620026504388,,,,,0.82,0.13,0.06,,0.394185805492239,0.062990721195293,0.002084495631821,,,,,21/02/2021,13:00
Sociedad,Alaves,141.506845129795,,4,0,,1.56,4.2,7.5,1,,0.36,0.49,0.16,,0.554,2.048,1.179,,149.620026504388,,,,,0.53,0.24,0.23,,0.188192060564491,0.117043763851693,0.03616480694433,,,,,21/02/2021,15:15
Huesca,Granada,-12.6232422913006,,3,2,,2.15,3.29,4.3,1,,0.25,0.48,0.27,,0.543,1.567,1.167,,149.620026504388,,,,,0.29,0.41,0.31,,0.073194622204454,0.195236405117686,0.0841397030928,,,,,21/02/2021,17:30
AthBilbao,Villarreal,11.9940838439445,,1,1,,2.57,3.15,3.18,2,,0.27,0.48,0.25,,0.693,1.509,0.8,,122.255671811858,,,,,0.31,0.4,0.29,,0.083544952989658,0.191591877375189,0.072940932880405,,,,,21/02/2021,20:00
Osasuna,Sevilla,-99.0406853515635,,0,2,,4.4,3.35,2.12,3,,0.19,0.46,0.34,,0.856,1.547,0.729,,122.255671811858,,,,,0.22,0.4,0.38,,0.042775323140209,0.184685639168566,0.130663993729502,,,,,22/02/2021,20:00
Barcelona,Elche,473.003380580584,,3,0,,1.15,10.5,24,1,,0.48,0.48,0.03,,0.557,5.076,0.764,,106.24574410077,,,,,0.82,0.13,0.05,,0.397497476370614,0.062842535561895,0.001592143016448,,,,,24/02/2021,18:00
Levante,AthBilbao,55.1391172393912,,1,1,,3.85,3.45,2.36,2,,0.3,0.48,0.22,,1.152,1.666,0.514,,106.24574410077,,,,,0.37,0.36,0.27,,0.110729506534943,0.173827018435678,0.058827123296392,,,,,26/02/2021,20:00
Eibar,Huesca,108.778324858801,,1,1,,2.42,3.2,3.53,2,,0.33,0.49,0.18,,0.81,1.556,0.632,,106.24574410077,,,,,0.46,0.29,0.25,,0.153999268889585,0.141008048115914,0.044746082999813,,,,,27/02/2021,13:00
Sevilla,Barcelona,-60.4417417059026,,0,2,,3.4,3.55,2.32,3,,0.22,0.47,0.31,,0.747,1.666,0.722,,106.24574410077,,,,,0.24,0.41,0.35,,0.05272364442209,0.192379874318561,0.108884629905193,,,,,27/02/2021,15:15
Alaves,Osasuna,46.2377333551335,,0,1,,3,3,2.87,3,,0.29,0.48,0.22,,0.88,1.446,0.645,,89.2972052714669,,,,,0.35,0.37,0.27,,0.102613875232224,0.178394837733317,0.060660708096543,,,,,27/02/2021,17:30
Getafe,Valencia,59.14978605795,,3,0,,2.45,3,3.68,1,,0.3,0.48,0.21,,0.74,1.449,0.791,,69.1355801262203,,,,,0.37,0.36,0.27,,0.111739074894825,0.173936053403375,0.058008635024218,,,,,27/02/2021,20:00
Celta,Valladolid,88.3814848578918,,1,1,,1.92,3.7,4.75,2,,0.32,0.49,0.19,,0.617,1.795,0.918,,53.4201516468663,,,,,0.42,0.32,0.26,,0.135054116402371,0.155235231802481,0.050266444959017,,,,,28/02/2021,13:00
Cadiz,Betis,-55.3067242794573,,0,1,,4.2,3.6,2.06,3,,0.22,0.47,0.31,,0.937,1.692,0.632,,53.4201516468663,,,,,0.25,0.41,0.34,,0.05578376887251,0.192732614534651,0.10430702813392,,,,,28/02/2021,15:15
Granada,Elche,183.189210897193,,2,1,,2.02,3.25,4.4,1,,0.38,0.49,0.13,,0.766,1.589,0.581,,44.6033981446517,,,,,0.6,0.19,0.21,,0.227399304284862,0.092904969073142,0.027725803998405,,,,,28/02/2021,17:30
Villarreal,AthMadrid,-107.396734147527,,0,2,,3.5,3.1,2.55,3,,0.19,0.46,0.35,,0.665,1.426,0.8925,,44.6033981446517,,,,,0.21,0.4,0.39,,,,,,,,,28/02/2021,20:00
RealMadrid,Sociedad,176.658565427648,,1,1,,2.17,3.65,3.93,2,,0.38,0.49,0.14,,0.8246,1.7885,0.5502,,40.2348283795391,,,,,0.59,0.19,0.21,,,,,,,,,01/03/2021,20:00
Valencia,Villarreal,85.0137651343384,,2,1,,4.5,3.75,2.17,1,,0.32,0.48,0.2,,1.44,1.8,0.434,,40.2348283795391,,,,,0.42,0.33,0.26,,,,,,,,,05/03/2021,20:00
Valladolid,Getafe,-40.8063254039066,,2,1,,3.2,2.85,2.83,1,,0.23,0.47,0.29,,0.736,1.3395,0.8207,,40.2348283795391,,,,,0.26,0.41,0.33,,,,,,,,,06/03/2021,13:00
Elche,Sevilla,-211.088195549506,,2,1,,1.45,4.8,9,1,,0.13,0.43,0.44,,0.1885,2.064,3.96,,37.257773701752,,,,,0.15,0.33,0.52,,,,,,,,,06/03/2021,15:15
Cadiz,Eibar,-71.7966858436992,,1,0,,3.85,3.25,2.32,1,,0.21,0.47,0.32,,0.8085,1.5275,0.7424,,37.257773701752,,,,,0.24,0.41,0.36,,,,,,,,,06/03/2021,17:30
Osasuna,Barcelona,-212.310120345756,,0,2,,7.5,4.9,1.49,3,,0.13,0.42,0.44,,0.975,2.058,0.6556,,32.5774266222212,,,,,0.15,0.33,0.52,,,,,,,,,06/03/2021,20:00
Huesca,Celta,-11.9375193906994,,3,4,,3.2,3.28,2.5,3,,0.25,0.48,0.27,,0.8,1.5744,0.675,,32.5774266222212,,,,,0.29,0.41,0.31,,,,,,,,,07/03/2021,13:00
AthMadrid,RealMadrid,48.8343785728282,,1,1,,2.92,3.23,2.77,2,,0.29,0.48,0.22,,0.8468,1.5504,0.6094,,26.50982971027,,,,,0.36,0.37,0.27,,,,,,,,,07/03/2021,15:15
Sociedad,Levante,97.0515368674767,,1,0,,1.58,5.4,8.5,1,,0.33,0.49,0.19,,0.5214,2.646,1.615,,26.50982971027,,,,,0.44,0.31,0.25,,,,,,,,,07/03/2021,17:30
AthBilbao,Granada,136.283091244498,,2,1,,2.05,3.61,4.55,1,,0.35,0.49,0.16,,0.7175,1.7689,0.728,,26.50982971027,,,,,0.52,0.25,0.24,,,,,,,,,07/03/2021,20:00
Betis,Alaves,132.809401082126,,3,2,,1.86,3.65,5.75,1,,0.35,0.49,0.16,,0.651,1.7885,0.92,,26.50982971027,,,,,0.51,0.25,0.24,,,,,,,,,08/03/2021,20:00
AthMadrid,AthBilbao,242.59560670398,,2,1,,1.98,3.25,5,1,,0.41,0.49,0.1,,0.8118,1.5925,0.5,,26.50982971027,,,,,0.68,0.15,0.17,,,,,,,,,10/03/2021,18:00
Levante,Valencia,70.748966213074,,1,0,,2.42,3.4,3.52,1,,0.31,0.48,0.21,,0.7502,1.632,0.7392,,26.50982971027,,,,,0.39,0.34,0.26,,,,,,,,,12/03/2021,20:00
Alaves,Cadiz,125.226533254612,,1,1,,2.2,3.22,4,2,,0.35,0.49,0.17,,0.77,1.5778,0.68,,26.50982971027,,,,,0.5,0.26,0.24,,,,,,,,,13/03/2021,13:00
RealMadrid,Elche,386.984165671851,,2,1,,1.22,7.5,19,1,,0.46,0.49,0.05,,0.5612,3.675,0.95,,26.50982971027,,,,,0.79,0.13,0.09,,,,,,,,,13/03/2021,15:15
Osasuna,Valladolid,65.9220366810725,,0,0,,2.25,3.12,3.85,2,,0.31,0.48,0.21,,0.6975,1.4976,0.8085,,26.50982971027,,,,,0.39,0.35,0.26,,,,,,,,,13/03/2021,17:30
Getafe,AthMadrid,-135.279633593331,,0,0,,5.4,3.3,1.95,2,,0.17,0.45,0.38,,0.918,1.485,0.741,,26.50982971027,,,,,0.19,0.38,0.42,,,,,,,,,13/03/2021,20:00
Celta,AthBilbao,25.9449132552199,,0,0,,2.7,3.32,2.95,2,,0.28,0.48,0.24,,0.756,1.5936,0.708,,33.5615622586218,,,,,0.33,0.39,0.28,,,,,,,,,14/03/2021,13:00
Granada,Sociedad,-26.1770350434927,,1,0,,5.7,4,1.65,1,,0.24,0.47,0.28,,1.368,1.88,0.462,,33.5615622586218,,,,,0.27,0.41,0.32,,,,,,,,,14/03/2021,15:15
Eibar,Villarreal,-65.9647635101328,,1,3,,3.5,3.42,2.38,3,,0.22,0.47,0.32,,0.77,1.6074,0.7616,,33.5615622586218,,,,,0.24,0.41,0.35,,,,,,,,,14/03/2021,17:30
Sevilla,Betis,178.672796689815,,1,0,,2.01,3.6,4.75,1,,0.38,0.49,0.13,,0.7638,1.764,0.6175,,33.5615622586218,,,,,0.59,0.19,0.21,,,,,,,,,14/03/2021,20:00
Barcelona,Huesca,443.164378069959,,4,1,,1.22,9,19,1,,0.48,0.49,0.04,,0.5856,4.41,0.76,,33.5615622586218,,,,,0.81,0.13,0.06,,,,,,,,,15/03/2021,20:00
Sevilla,Elche,311.331379972599,,2,0,,1.45,4.8,9,1,,0.44,0.49,0.07,,0.638,2.352,0.63,,33.5615622586218,,,,,0.74,0.13,0.12,,,,,,,,,17/03/2021,18:00
Betis,Levante,89.7079041684187,,2,0,,1.8,4,4.7,1,,0.32,0.49,0.19,,0.576,1.96,0.893,,33.5615622586218,,,,,0.43,0.32,0.25,,,,,,,,,19/03/2021,20:00
AthBilbao,Eibar,118.266851940928,,1,1,,1.8,3.65,5.4,2,,0.34,0.49,0.17,,0.612,1.7885,0.918,,33.5615622586218,,,,,0.48,0.27,0.24,,,,,,,,,20/03/2021,13:00
Celta,RealMadrid,-175.321915608534,,1,3,,5.2,4.1,1.78,3,,0.15,0.44,0.41,,0.78,1.804,0.7298,,33.5615622586218,,,,,0.17,0.36,0.47,,,,,,,,,20/03/2021,15:15
Huesca,Osasuna,-54.7091242788094,,0,0,,2.58,3.15,3.2,2,,0.22,0.47,0.31,,0.5676,1.4805,0.992,,33.5615622586218,,,,,0.25,0.41,0.34,,,,,,,,,20/03/2021,17:30
Valladolid,Sevilla,-135.395529895636,,1,1,,4.7,3.45,1.99,2,,0.17,0.45,0.38,,0.799,1.5525,0.7562,,33.5615622586218,,,,,0.19,0.38,0.42,,,,,,,,,20/03/2021,20:00
Getafe,Elche,225.285263571835,,1,1,,2.02,3.2,5.6,2,,0.4,0.49,0.11,,0.808,1.568,0.616,,33.5615622586218,,,,,0.66,0.16,0.18,,,,,,,,,21/03/2021,13:00
Valencia,Granada,223.860712940837,,2,1,,2.12,3.45,3.8,1,,0.4,0.49,0.11,,0.848,1.6905,0.418,,33.5615622586218,,,,,0.66,0.16,0.18,,,,,,,,,21/03/2021,15:15
Villarreal,Cadiz,186.902275031115,,2,1,,1.45,4.5,10,1,,0.38,0.49,0.13,,0.551,2.205,1.3,,33.5615622586218,,,,,0.61,0.18,0.21,,,,,,,,,21/03/2021,15:15
AthMadrid,Alaves,333.158520015221,,1,0,,1.44,5,12,1,,0.45,0.49,0.07,,0.648,2.45,0.84,,33.5615622586218,,,,,0.76,0.13,0.11,,,,,,,,,21/03/2021,17:30
Sociedad,Barcelona,-145.092630617022,,1,6,,4.33,4.1,2.05,3,,0.17,0.45,0.38,,0.7361,1.845,0.779,,33.5615622586218,,,,,0.19,0.38,0.43,,,,,,,,,21/03/2021,20:00
Levante,Huesca,183.713427198442,,0,2,,2.45,3.4,3.1,3,,0.38,0.49,0.13,,0.931,1.666,0.403,,33.5615622586218,,,,,0.6,0.19,0.21,,,,,,,,,02/04/2021,20:00
Granada,Villarreal,-9.99827793857048,,0,3,,4.4,3.45,1.95,3,,0.25,0.48,0.27,,1.1,1.656,0.5265,,33.5615622586218,,,,,0.29,0.41,0.3,,,,,,,,,03/04/2021,13:00
RealMadrid,Eibar,272.596915354397,,2,0,,1.38,5.4,9.5,1,,0.42,0.49,0.09,,0.5796,2.646,0.855,,33.5615622586218,,,,,0.71,0.14,0.15,,,,,,,,,03/04/2021,15:15
Osasuna,Getafe,12.436436587845,,0,0,,2.65,2.85,3.5,2,,0.27,0.48,0.25,,0.7155,1.368,0.875,,33.5615622586218,,,,,0.31,0.4,0.29,,,,,,,,,03/04/2021,17:30
Alaves,Celta,43.5942564080415,,1,3,,3.2,3.15,2.45,3,,0.29,0.48,0.23,,0.928,1.512,0.5635,,33.5615622586218,,,,,0.35,0.38,0.27,,,,,,,,,04/04/2021,13:00
Elche,Betis,-33.547903702532,,1,1,,4.85,3.6,1.8,2,,0.24,0.47,0.29,,1.164,1.692,0.522,,33.5615622586218,,,,,0.27,0.41,0.32,,,,,,,,,04/04/2021,15:15
Cadiz,Valencia,-67.673154221312,,2,1,,3.7,3.25,2.15,1,,0.21,0.47,0.32,,0.777,1.5275,0.688,,33.5615622586218,,,,,0.24,0.41,0.35,,,,,,,,,04/04/2021,17:30
Sevilla,AthMadrid,-36.104957514706,,1,0,,3.05,3,2.75,1,,0.24,0.47,0.29,,0.732,1.41,0.7975,,33.5615622586218,,,,,0.26,0.41,0.32,,,,,,,,,04/04/2021,20:00
Barcelona,Valladolid,381.876390211234,,1,0,,1.14,10,22,1,,0.46,0.49,0.05,,0.5244,4.9,1.1,,33.5615622586218,,,,,0.79,0.13,0.09,,,,,,,,,05/04/2021,20:00
Sociedad,AthBilbao,77.9897066214394,,1,1,,2.55,3.05,3.25,2,,0.31,0.48,0.2,,0.7905,1.464,0.65,,33.5615622586218,,,,,0.41,0.34,0.26,,,,,,,,,07/04/2021,20:00
Huesca,Elche,87.8758329646146,,3,1,,2.17,3.25,4.1,1,,0.32,0.49,0.19,,0.6944,1.5925,0.779,,33.5615622586218,,,,,0.42,0.32,0.26,,,,,,,,,09/04/2021,20:00
Getafe,Cadiz,176.114513544776,,0,1,,1.87,3.15,5.6,3,,0.38,0.49,0.14,,0.7106,1.5435,0.784,,33.5615622586218,,,,,0.59,0.2,0.21,,,,,,,,,10/04/2021,13:00
AthBilbao,Alaves,157.445597203647,,0,0,,1.97,3.3,4.5,2,,0.36,0.49,0.15,,0.7092,1.617,0.675,,33.5615622586218,,,,,0.56,0.22,0.23,,,,,,,,,10/04/2021,15:15
Eibar,Levante,10.5671849463013,,0,1,,2.4,3.4,3.15,3,,0.27,0.48,0.25,,0.648,1.632,0.7875,,33.5615622586218,,,,,0.31,0.4,0.29,,,,,,,,,10/04/2021,17:30
RealMadrid,Barcelona,0.659470671621421,,2,1,,2.87,3.9,2.45,1,,0.26,0.48,0.26,,0.7462,1.872,0.637,,33.5615622586218,,,,,0.3,0.4,0.3,,,,,,,,,10/04/2021,20:00
Villarreal,Osasuna,95.3707931187175,,1,2,,1.75,3.75,5.25,3,,0.33,0.49,0.19,,0.5775,1.8375,0.9975,,33.5615622586218,,,,,0.44,0.31,0.25,,,,,,,,,11/04/2021,13:00
Valencia,Sociedad,101.738404572989,,2,2,,3.2,3.4,2.47,2,,0.33,0.49,0.18,,1.056,1.666,0.4446,,33.5615622586218,,,,,0.45,0.3,0.25,,,,,,,,,11/04/2021,15:15
Valladolid,Granada,57.002555401195,,1,2,,2.3,3.15,3.6,3,,0.3,0.48,0.22,,0.69,1.512,0.792,,33.5615622586218,,,,,0.37,0.36,0.27,,,,,,,,,11/04/2021,17:30
Betis,AthMadrid,-111.161342280035,,1,1,,3.7,3.25,2.2,2,,0.19,0.46,0.35,,0.703,1.495,0.77,,33.5615622586218,,,,,0.21,0.4,0.4,,,,,,,,,11/04/2021,20:00
Celta,Sevilla,-87.5142624421492,,3,4,,4,3.45,2.1,3,,0.2,0.46,0.33,,0.8,1.587,0.693,,33.5615622586218,,,,,0.22,0.4,0.37,,,,,,,,,12/04/2021,20:00
Osasuna,Elche,168.640465886268,,2,0,,2,3.25,4.5,1,,0.37,0.49,0.14,,0.74,1.5925,0.63,,33.5615622586218,,,,,0.58,0.2,0.22,,,,,,,,,18/04/2021,13:00
Sociedad,Sevilla,-38.3769911183167,,1,2,,2.75,3.2,2.85,3,,0.23,0.47,0.29,,0.6325,1.504,0.8265,,33.5615622586218,,,,,0.26,0.41,0.33,,,,,,,,,18/04/2021,13:00
Alaves,Huesca,99.9457408553772,,1,0,,2.75,3,2.9,1,,0.33,0.49,0.19,,0.9075,1.47,0.551,,33.5615622586218,,,,,0.45,0.3,0.25,,,,,,,,,18/04/2021,15:15
AthMadrid,Eibar,295.993942199839,,5,0,,1.43,4.4,10,1,,0.43,0.49,0.08,,0.6149,2.156,0.8,,33.5615622586218,,,,,0.73,0.13,0.13,,,,,,,,,18/04/2021,15:15
Betis,Valencia,108.161558831702,,2,2,,1.8,3.95,4.45,2,,0.33,0.49,0.18,,0.594,1.9355,0.801,,33.5615622586218,,,,,0.46,0.29,0.25,,,,,,,,,18/04/2021,17:30
Cadiz,Celta,-52.4601887614667,,0,0,,3.9,3.4,2.05,2,,0.23,0.47,0.3,,0.897,1.598,0.615,,33.5615622586218,,,,,0.25,0.41,0.34,,,,,,,,,18/04/2021,17:30
Getafe,RealMadrid,-161.549937127643,,0,0,,4.3,3.7,2,2,,0.16,0.44,0.4,,0.688,1.628,0.8,,33.5615622586218,,,,,0.18,0.37,0.45,,,,,,,,,18/04/2021,20:00
Levante,Villarreal,-19.0924494917338,,1,5,,4.75,4.1,1.76,3,,0.25,0.48,0.28,,1.1875,1.968,0.4928,,33.5615622586218,,,,,0.28,0.41,0.31,,,,,,,,,18/04/2021,20:00
Levante,Sevilla,-84.1493512192717,,0,1,,7,4.75,1.58,3,,0.2,0.46,0.33,,1.4,2.185,0.5214,,33.5615622586218,,,,,0.23,0.4,0.37,,,,,,,,,21/04/2021,18:00
Osasuna,Valencia,43.4165681230425,,3,1,,2.75,3.15,2.95,1,,0.29,0.48,0.23,,0.7975,1.512,0.6785,,33.5615622586218,,,,,0.35,0.38,0.27,,,,,,,,,21/04/2021,18:00
Betis,AthBilbao,67.4871448803549,,0,0,,1.95,3.65,4.1,2,,0.31,0.48,0.21,,0.6045,1.752,0.861,,33.5615622586218,,,,,0.39,0.35,0.26,,,,,,,,,21/04/2021,19:00
Alaves,Villarreal,-75.4222218536895,,2,1,,5.2,3.95,1.85,1,,0.21,0.47,0.32,,1.092,1.8565,0.592,,33.5615622586218,,,,,0.23,0.41,0.36,,,,,,,,,21/04/2021,20:00
Elche,Valladolid,-10.616124560883,,1,1,,3.25,3,2.7,2,,0.25,0.48,0.27,,0.8125,1.44,0.729,,33.5615622586218,,,,,0.29,0.41,0.31,,,,,,,,,21/04/2021,20:00
Cadiz,RealMadrid,-278.555232376397,,0,3,,10,5.35,1.39,3,,0.1,0.39,0.51,,1,2.0865,0.7089,,33.5615622586218,,,,,0.12,0.27,0.61,,,,,,,,,21/04/2021,21:00
AthMadrid,Huesca,368.290730938045,,2,0,,1.4,4.8,10,1,,0.46,0.49,0.05,,0.644,2.352,0.5,,33.5615622586218,,,,,0.78,0.13,0.09,,,,,,,,,22/04/2021,18:00
Granada,Eibar,84.7559128490175,,4,1,,2.4,3.2,3.5,1,,0.32,0.48,0.2,,0.768,1.536,0.7,,33.5615622586218,,,,,0.42,0.33,0.26,,,,,,,,,22/04/2021,20:00
Sociedad,Celta,95.1968436836928,,2,1,,1.86,3.85,4.6,1,,0.33,0.49,0.19,,0.6138,1.8865,0.874,,33.5615622586218,,,,,0.44,0.31,0.25,,,,,,,,,22/04/2021,20:00
Barcelona,Getafe,333.781020961169,,5,2,,1.22,7,15.5,1,,0.45,0.49,0.07,,0.549,3.43,1.085,,33.5615622586218,,,,,0.76,0.13,0.11,,,,,,,,,22/04/2021,21:00
Elche,Levante,-43.9001368092831,,1,0,,2.85,3.3,2.72,1,,0.23,0.47,0.3,,0.6555,1.551,0.816,,33.5615622586218,,,,,0.26,0.41,0.33,,,,,,,,,24/04/2021,13:00
Valladolid,Cadiz,70.2215012413185,,1,1,,1.83,3.55,5.4,2,,0.31,0.48,0.21,,0.5673,1.704,1.134,,33.5615622586218,,,,,0.39,0.35,0.26,,,,,,,,,24/04/2021,15:15
Valencia,Alaves,232.996925068327,,1,1,,2.07,3.45,3.95,2,,0.4,0.49,0.11,,0.828,1.6905,0.4345,,33.5615622586218,,,,,0.67,0.15,0.18,,,,,,,,,24/04/2021,17:30
RealMadrid,Betis,283.14240298206,,0,0,,1.53,4.7,6.75,2,,0.43,0.49,0.08,,0.6579,2.303,0.54,,33.5615622586218,,,,,0.72,0.14,0.14,,,,,,,,,24/04/2021,20:00
Huesca,Getafe,-51.4430362870021,,0,2,,2.95,2.85,2.95,3,,0.23,0.47,0.3,,0.6785,1.3395,0.885,,33.5615622586218,,,,,0.25,0.41,0.34,,,,,,,,,25/04/2021,13:00
Villarreal,Barcelona,-158.677980442578,,1,2,,5.4,4.7,1.7,3,,0.16,0.45,0.4,,0.864,2.115,0.68,,33.5615622586218,,,,,0.18,0.37,0.45,,,,,,,,,25/04/2021,15:15
Celta,Osasuna,15.0681205413168,,2,1,,1.9,3.7,4.8,1,,0.27,0.48,0.25,,0.513,1.776,1.2,,33.5615622586218,,,,,0.31,0.4,0.29,,,,,,,,,25/04/2021,17:30
Sevilla,Granada,233.468053489702,,2,1,,1.45,4.7,7.5,1,,0.4,0.49,0.11,,0.58,2.303,0.825,,33.5615622586218,,,,,0.67,0.15,0.18,,,,,,,,,25/04/2021,17:30
AthBilbao,AthMadrid,-110.418209109146,,2,1,,4.8,3.45,2.05,1,,0.19,0.46,0.35,,0.912,1.587,0.7175,,33.5615622586218,,,,,0.21,0.4,0.4,,,,,,,,,25/04/2021,20:00
Eibar,Sociedad,-90.03863400004,,0,1,,4.3,3.55,1.92,3,,0.2,0.46,0.34,,0.86,1.633,0.6528,,33.5615622586218,,,,,0.22,0.4,0.37,,,,,,,,,26/04/2021,20:00
AthBilbao,Valladolid,138.970339714404,,2,2,,1.87,3.4,5,2,,0.35,0.49,0.16,,0.6545,1.666,0.8,,33.5615622586218,,,,,0.52,0.24,0.23,,,,,,,,,28/04/2021,18:00
Barcelona,Granada,400.963664543275,,1,2,,1.16,10,22,3,,0.47,0.49,0.05,,0.5452,4.9,1.1,,33.5615622586218,,,,,0.79,0.13,0.08,,,,,,,,,29/04/2021,18:00
Celta,Levante,57.1369231915637,,2,0,,1.86,3.9,4.6,1,,0.3,0.48,0.22,,0.558,1.872,1.012,,33.5615622586218,,,,,0.37,0.36,0.27,,,,,,,,,30/04/2021,20:00
Eibar,Alaves,33.5957271043487,,3,0,,2.43,3.15,3.3,1,,0.28,0.48,0.23,,0.6804,1.512,0.759,,33.5615622586218,,,,,0.34,0.38,0.28,,,,,,,,,01/05/2021,13:00
Elche,AthMadrid,-221.986392386493,,0,1,,9.5,4.6,1.47,3,,0.13,0.42,0.45,,1.235,1.932,0.6615,,33.5615622586218,,,,,0.15,0.32,0.53,,,,,,,,,01/05/2021,15:15
Huesca,Sociedad,-131.487736574485,,1,0,,3.85,3.3,2.15,1,,0.17,0.45,0.37,,0.6545,1.485,0.7955,,33.5615622586218,,,,,0.2,0.39,0.42,,,,,,,,,01/05/2021,17:30
RealMadrid,Osasuna,252.157615844981,,2,0,,1.35,5.5,9.5,1,,0.41,0.49,0.1,,0.5535,2.695,0.95,,33.5615622586218,,,,,0.69,0.14,0.16,,,,,,,,,01/05/2021,20:00
Valladolid,Betis,-4.37305782159501,,1,1,,3.7,3.5,2.2,2,,0.26,0.48,0.26,,0.962,1.68,0.572,,33.5615622586218,,,,,0.29,0.41,0.3,,,,,,,,,02/05/2021,13:00
Villarreal,Getafe,61.0558909124475,,1,0,,2.15,3.3,4.4,1,,0.3,0.48,0.21,,0.645,1.584,0.924,,33.5615622586218,,,,,0.38,0.36,0.27,,,,,,,,,02/05/2021,15:15
Granada,Cadiz,146.839061533837,,0,1,,1.88,3.45,5,3,,0.36,0.49,0.15,,0.6768,1.6905,0.75,,33.5615622586218,,,,,0.54,0.23,0.23,,,,,,,,,02/05/2021,17:30
Valencia,Barcelona,-85.4764435282643,,2,3,,8.75,6,1.32,3,,0.2,0.46,0.33,,1.75,2.76,0.4356,,33.5615622586218,,,,,0.23,0.4,0.37,,,,,,,,,02/05/2021,20:00
Sevilla,AthBilbao,166.755023920027,,0,1,,1.6,4,6.5,3,,0.37,0.49,0.14,,0.592,1.96,0.91,,33.5615622586218,,,,,0.57,0.21,0.22,,,,,,,,,03/05/2021,20:00
Sociedad,Elche,242.855599171677,,2,0,,1.5,4.5,9,1,,0.41,0.49,0.1,,0.615,2.205,0.9,,33.5615622586218,,,,,0.68,0.15,0.17,,,,,,,,,07/05/2021,20:00
Alaves,Levante,57.981103833552,,2,2,,2.15,3.35,3.7,2,,0.3,0.48,0.22,,0.645,1.608,0.814,,33.5615622586218,,,,,0.37,0.36,0.27,,,,,,,,,08/05/2021,13:00
Barcelona,AthMadrid,142.944920973594,,0,0,,1.78,4,4.85,2,,0.36,0.49,0.16,,0.6408,1.96,0.776,,33.5615622586218,,,,,0.53,0.24,0.23,,,,,,,,,08/05/2021,15:15
Cadiz,Huesca,33.8797712126816,,2,1,,4.3,3.25,2.02,1,,0.28,0.48,0.23,,1.204,1.56,0.4646,,33.5615622586218,,,,,0.34,0.38,0.28,,,,,,,,,08/05/2021,17:30
AthBilbao,Osasuna,93.3925324062466,,2,2,,1.8,3.85,5.3,2,,0.32,0.49,0.19,,0.576,1.8865,1.007,,33.5615622586218,,,,,0.43,0.31,0.25,,,,,,,,,08/05/2021,20:00
Getafe,Eibar,102.243724447461,,0,1,,2.17,3.15,4.2,3,,0.33,0.49,0.18,,0.7161,1.5435,0.756,,33.5615622586218,,,,,0.45,0.3,0.25,,,,,,,,,09/05/2021,13:00
Valencia,Valladolid,192.694846148209,,3,0,,2.2,3.25,3.75,1,,0.38,0.49,0.13,,0.836,1.5925,0.4875,,33.5615622586218,,,,,0.62,0.18,0.2,,,,,,,,,09/05/2021,15:15
Villarreal,Celta,104.700958849915,,2,4,,1.75,4.2,5.1,3,,0.33,0.49,0.18,,0.5775,2.058,0.918,,33.5615622586218,,,,,0.46,0.3,0.25,,,,,,,,,09/05/2021,17:30
RealMadrid,Sevilla,112.213629266669,,2,2,,1.93,3.95,4.1,2,,0.34,0.49,0.18,,0.6562,1.9355,0.738,,33.5615622586218,,,,,0.47,0.28,0.25,,,,,,,,,09/05/2021,20:00
Betis,Granada,120.446917150616,,2,1,,1.82,3.75,4.75,1,,0.34,0.49,0.17,,0.6188,1.8375,0.8075,,33.5615622586218,,,,,0.49,0.27,0.24,,,,,,,,,10/05/2021,20:00
Osasuna,Cadiz,106.949108594626,,3,2,,1.86,3.65,4.6,1,,0.33,0.49,0.18,,0.6138,1.7885,0.828,,33.5615622586218,,,,,0.46,0.29,0.25,,,,,,,,,11/05/2021,18:00
Elche,Alaves,23.1360906089294,,0,2,,2.97,3.05,2.85,3,,0.28,0.48,0.24,,0.8316,1.464,0.684,,33.5615622586218,,,,,0.32,0.39,0.28,,,,,,,,,11/05/2021,19:00
Levante,Barcelona,-207.232050720989,,3,3,,13.5,8.25,1.21,2,,0.13,0.43,0.44,,1.755,3.5475,0.5324,,33.5615622586218,,,,,0.15,0.34,0.51,,,,,,,,,11/05/2021,21:00
Sevilla,Valencia,197.609890109771,,1,0,,1.63,4.35,5.9,1,,0.39,0.49,0.12,,0.6357,2.1315,0.708,,33.5615622586218,,,,,0.62,0.17,0.2,,,,,,,,,12/05/2021,18:00
Celta,Getafe,38.0325897988507,,1,0,,2.88,3,2.9,1,,0.29,0.48,0.23,,0.8352,1.44,0.667,,33.5615622586218,,,,,0.34,0.38,0.28,,,,,,,,,12/05/2021,19:00
Huesca,AthBilbao,-73.7346645466198,,1,0,,2.65,3.25,2.95,1,,0.21,0.47,0.32,,0.5565,1.5275,0.944,,33.5615622586218,,,,,0.23,0.41,0.36,,,,,,,,,12/05/2021,19:00
AthMadrid,Sociedad,208.455657641593,,2,1,,1.74,3.8,6.05,1,,0.39,0.49,0.12,,0.6786,1.862,0.726,,33.5615622586218,,,,,0.64,0.17,0.19,,,,,,,,,12/05/2021,21:00
Valladolid,Villarreal,-99.6085826052349,,0,2,,4.5,3.8,1.96,3,,0.19,0.46,0.34,,0.855,1.748,0.6664,,33.5615622586218,,,,,0.22,0.4,0.38,,,,,,,,,13/05/2021,18:00
Eibar,Betis,-2.48422904798258,,1,1,,2.95,3.4,2.6,2,,0.26,0.48,0.26,,0.767,1.632,0.676,,33.5615622586218,,,,,0.3,0.41,0.3,,,,,,,,,13/05/2021,19:00
Granada,RealMadrid,-172.480877535899,,1,4,,8.5,5.75,1.38,3,,0.15,0.44,0.41,,1.275,2.53,0.5658,,33.5615622586218,,,,,0.17,0.36,0.47,,,,,,,,,13/05/2021,21:00
Alaves,Granada,71.3017513423874,,4,2,,1.96,3.5,4.9,1,,0.31,0.48,0.21,,0.6076,1.68,1.029,,33.5615622586218,,,,,0.39,0.34,0.26,,,,,,,,,16/05/2021,17:30
AthBilbao,RealMadrid,-135.618220598486,,0,1,,6.2,4.7,1.59,3,,0.17,0.45,0.38,,1.054,2.115,0.6042,,33.5615622586218,,,,,0.19,0.38,0.42,,,,,,,,,16/05/2021,17:30
AthMadrid,Osasuna,276.425735533443,,2,1,,1.22,7,17.5,1,,0.42,0.49,0.09,,0.5124,3.43,1.575,,33.5615622586218,,,,,0.72,0.14,0.15,,,,,,,,,16/05/2021,17:30
Barcelona,Celta,330.730378270636,,1,2,,1.26,7.5,12,3,,0.44,0.49,0.07,,0.5544,3.675,0.84,,33.5615622586218,,,,,0.76,0.13,0.11,,,,,,,,,16/05/2021,17:30
Betis,Huesca,198.477782977087,,1,0,,2.09,3.6,4.1,1,,0.39,0.49,0.12,,0.8151,1.764,0.492,,33.5615622586218,,,,,0.63,0.17,0.2,,,,,,,,,16/05/2021,17:30
Cadiz,Elche,100.509859641316,,1,3,,3.6,3.25,2.25,3,,0.33,0.49,0.18,,1.188,1.5925,0.405,,33.5615622586218,,,,,0.45,0.3,0.25,,,,,,,,,16/05/2021,17:30
Getafe,Levante,77.7578559110305,,2,1,,1.69,4.1,6.15,1,,0.31,0.48,0.2,,0.5239,1.968,1.23,,33.5615622586218,,,,,0.41,0.34,0.26,,,,,,,,,16/05/2021,17:30
Sociedad,Valladolid,137.962124174304,,4,1,,1.53,4.5,7.75,1,,0.35,0.49,0.16,,0.5355,2.205,1.24,,33.5615622586218,,,,,0.52,0.24,0.24,,,,,,,,,16/05/2021,17:30
Valencia,Eibar,184.297506360917,,4,1,,2.95,3.5,3.2,1,,0.38,0.49,0.13,,1.121,1.715,0.416,,33.5615622586218,,,,,0.6,0.19,0.21,,,,,,,,,16/05/2021,17:30
Villarreal,Sevilla,-77.6709743463457,,4,0,,2.25,3.65,3.22,1,,0.21,0.47,0.33,,0.4725,1.7155,1.0626,,33.5615622586218,,,,,0.23,0.41,0.36,,,,,,,,,16/05/2021,17:30
Levante,Cadiz,130.855629305828,,2,2,,1.78,4.2,4.7,2,,0.35,0.49,0.16,,0.623,2.058,0.752,,33.5615622586218,,,,,0.51,0.25,0.24,,,,,,,,,21/05/2021,20:00
Celta,Betis,69.2170102362902,,2,3,,3.45,3.75,2.17,3,,0.31,0.48,0.21,,1.0695,1.8,0.4557,,33.5615622586218,,,,,0.39,0.35,0.26,,,,,,,,,22/05/2021,17:00
Eibar,Barcelona,-266.30534438246,,0,1,,4.95,4.8,1.68,3,,0.11,0.4,0.5,,0.5445,1.92,0.84,,33.5615622586218,,,,,0.13,0.28,0.59,,,,,,,,,22/05/2021,17:00
Elche,AthBilbao,-78.8987901505045,,2,0,,2.13,3.5,3.7,1,,0.21,0.47,0.33,,0.4473,1.645,1.221,,33.5615622586218,,,,,0.23,0.41,0.36,,,,,,,,,22/05/2021,17:00
Huesca,Valencia,2.99085021744645,,0,0,,1.85,3.85,4.6,2,,0.26,0.48,0.26,,0.481,1.848,1.196,,33.5615622586218,,,,,0.3,0.4,0.3,,,,,,,,,22/05/2021,17:00
Osasuna,Sociedad,-17.7296185710081,,0,1,,5.75,4.6,1.59,3,,0.25,0.48,0.28,,1.4375,2.208,0.4452,,33.5615622586218,,,,,0.28,0.41,0.31,,,,,,,,,22/05/2021,17:00
RealMadrid,Villarreal,167.799047969307,,2,1,,1.58,4.9,6,1,,0.37,0.49,0.14,,0.5846,2.401,0.84,,33.5615622586218,,,,,0.58,0.2,0.22,,,,,,,,,22/05/2021,17:00
Valladolid,AthMadrid,-214.914333191615,,1,2,,9.75,5.75,1.34,3,,0.13,0.42,0.45,,1.2675,2.415,0.603,,33.5615622586218,,,,,0.15,0.33,0.52,,,,,,,,,22/05/2021,17:00
Granada,Getafe,43.6665635130275,,0,0,,3.1,3.3,2.5,2,,0.29,0.48,0.23,,0.899,1.584,0.575,,33.5615622586218,,,,,0.35,0.38,0.27,,,,,,,,,23/05/2021,17:30
Sevilla,Alaves,235.482249652475,,1,0,,1.5,5.4,8.05,1,,0.41,0.49,0.1,,0.615,2.646,0.805,,33.5615622586218,,,,,0.67,0.15,0.17,,,,,,,,,23/05/2021,20:00
